FIN-ID #,ORGANIZATION,NAME OF EVENT,DATE,VENUE,AWARDED,TRANSACTION ID,UPDATED
22735,Bangali Student Association,Pani Puri Event,01/03/2025 12:00 AM,Red Shoe Room,$500.00,,11/8/2024 7:14:40 PM
* 22732,Armenian Student Association,Armenian Christmas,01/06/2025 12:00 AM,Price Center - Red Shoe Room,$350.00,,11/8/2024 5:02:16 PM
22724,Muslim Student Association,GBM 1: Winter,01/06/2025 12:00 AM,PC Ballroom East,"$1,483.03",,11/6/2024 7:48:15 PM
22754,Boardgames and Boba @ UC San Diego,Board Game and Boba Winter Game Night # 1,01/06/2025 12:00 AM,Price Center Ballroom B,$641.03,,11/8/2024 9:27:03 PM
* 22755,Malaysian Student Association,MYSA GBM 2 Winter,01/07/2025 12:00 AM,Student Center - Dolores Huerta - Philip Vera Cruz Room,$400.00,,11/8/2024 11:44:05 PM
22736,Triton Engineering Student Council,Winter Engineers on the Green,01/07/2025 12:00 AM,"Warren Mall [1, 2, 3]","$4,000.00",,11/27/2024 5:02:38 AM
22761,Pakistani Student Association,PSA Trivia Night,01/07/2025 12:00 AM,Eleanor Roosevelt College Room,$37.66,,11/8/2024 11:10:44 PM
22722,Biomedical Engineering Society (BMES),BMES Winter GBM #1,01/08/2025 12:00 AM,Price Center Theater,$182.40,,11/7/2024 10:55:20 PM
22739,Project in a Box,PiB Winter GBM,01/08/2025 12:00 AM,EnVision,$300.00,,11/8/2024 1:29:21 AM
22741,Hidden Road Initiative,HRI Winter GBM,01/08/2025 12:00 AM,Price Center Red Shoe Room,$366.65,,11/8/2024 11:25:37 AM
22747,Muslim Tech Collaborative at UC San Diego,MTC Welcome-Back Social,01/08/2025 12:00 AM,MPR,$565.35,,11/8/2024 6:37:32 PM
22749,Video Game Development Club (VGDC) at UC San Diego,Winter GBM,01/08/2025 12:00 AM,CSE1202,$774.52,,11/8/2024 8:19:43 PM
22750,Mixed Student Union,New Year Identity Collage,01/08/2025 12:00 AM,Price Center ERC Room,$210.00,,11/8/2024 7:07:36 PM
22762,Association for Computing Machinery (ACM),Winter Kickoff,01/08/2025 12:00 AM,PC East Ballroom,"$1,038.23",,11/8/2024 11:11:53 PM
* 22753,American Institute of Chemical Engineers (AIChE),Bracelet Bash,01/09/2025 12:00 AM,SME 248,$189.61,,11/8/2024 8:29:08 PM
22718,Rubik's Cube Club,Rubik's Cube Club GBM,01/09/2025 12:00 AM,Student Center: Dolores Huerta / Philip Vera Cruz Meeting Room,$273.47,,10/31/2024 1:49:06 AM
22720,Ahlul-Bayt Student Association,ABSA Social,01/09/2025 12:00 AM,Red Shoe Room,$398.88,,11/2/2024 1:53:21 PM
22721,Pre-Medical APAMSA at UC San Diego,GBM #1: Med App Escape Room,01/09/2025 12:00 AM,Price Center - Bear Room,$323.84,,11/4/2024 6:46:07 PM
22733,Undergraduate Bioinformatics Club (UBIC),Winter GBM,01/09/2025 12:00 AM,Fung auditorium,$371.80,,11/7/2024 1:30:36 PM
22748,Iraqi Student Association,Dominoes Championship,01/09/2025 12:00 AM,Price Center - Eleanor Roosevelt College Room,$500.00,,11/8/2024 6:39:27 PM
22763,Institute of Electrical and Electronics Engineers (IEEE),IEEE Winter GBM,01/09/2025 12:00 AM,Price Center East Ballroom,$600.00,,11/8/2024 11:18:54 PM
22764,Association for Computing Machinery (ACM),Fall Projects Showcase,01/09/2025 12:00 AM,Qualcomm Room,$259.57,,11/8/2024 11:36:38 PM
22723,Thai Student Union,TSU Winter GBM,01/10/2025 12:00 AM,Price Center Bear Room,$210.00,,11/7/2024 12:06:14 PM
22740,Institute of Electrical and Electronics Engineers (IEEE),IEEE Game Night,01/10/2025 12:00 AM,"UCSD Game Room, Price Center",$210.65,,11/8/2024 10:10:55 AM
22745,Cantonese Culture Club,Cantonese Culture Club Social Night,01/10/2025 12:00 AM,Price Center Forum,$149.54,,11/8/2024 6:22:21 PM
22752,Tau Beta Pi,TBP Winter General Body Meeting,01/10/2025 12:00 AM,Qualcomm Conference Center,$386.30,,11/8/2024 7:20:45 PM
22756,Triton Gaming,Triton Gaming Winter GBM,01/10/2025 12:00 AM,Design and Innovation Building Room 208,$319.76,,11/8/2024 9:54:50 PM
22792,International Health Collective,GBM,01/12/2025 12:00 AM,UCSD School of Medicine Campus MET Lower Auditorium,$912.32,,11/14/2024 10:10:17 PM
22774,Triton Business Society,Triton Business Society WI25 Recruitment,01/13/2025 12:00 AM,Student Services Center Multi-Purpose Room,$120.00,,11/13/2024 10:26:59 AM
22789,Biological Sciences Student Association,BSSA Winter GBM,01/13/2025 12:00 AM,PC Theater,$333.13,,11/14/2024 2:43:31 PM
22796,NanoEngineering and Technology Society,NETS Winter GBM,01/13/2025 12:00 AM,SME 248,$344.80,,11/15/2024 9:21:54 AM
22798,Association for Computing Machinery (ACM),AI Winter Kickoff,01/13/2025 12:00 AM,CSE Room 1202,$299.55,,11/15/2024 3:54:50 PM
22803,Association for Computing Machinery (ACM),Sip Back & Relax at Art of Espresso,01/13/2025 12:00 AM,EBU 1 Qualcomm Room,$134.69,,11/15/2024 3:59:17 PM
22815,Graphite,Graphite Week 2 GBM,01/13/2025 12:00 AM,Marshall College Room,$196.43,,11/15/2024 9:58:39 PM
* 22778,Sports Medicine Association at UC San Diego,Winter GBM 1,01/14/2025 12:00 AM,Price Center ERC Room,$216.58,,11/13/2024 7:23:56 PM
* 22806,Association for Computing Machinery (ACM),Digital Signal Processing: Exploring the World of Signals,01/14/2025 12:00 AM,Henry Booker Room,$193.95,,11/15/2024 4:58:18 PM
22713,Society of Asian Scientists and Engineers at UC San Diego,SASE GBM 1,01/14/2025 12:00 AM,Qualcomm Conference Center,$510.74,,10/28/2024 4:43:09 PM
22731,Society of Women Engineers (SWE),SWE Winter GBM #1,01/14/2025 12:00 AM,Henry Booker Room,$537.94,,11/7/2024 4:10:26 PM
22743,Role Playing Games Club,Rafael Montalvo,01/14/2025 12:00 AM,The Forum,$393.29,,11/8/2024 12:53:28 PM
22766,Alpha Miracle Foundation (AMF) @ UC San Diego,AMF @ UC San Diego GBM #1 - Winter 25,01/14/2025 12:00 AM,Price Center - Red Shoe Room,$500.00,,11/9/2024 1:08:41 PM
22775,Triton Business Society,Triton Business Society WI25 Recruitment - Speed Dating Night,01/14/2025 12:00 AM,Student Services Center Multi Purpose Room,$210.00,,11/13/2024 11:52:31 AM
22791,Eta Kappa Nu (HKN),UCSD Tour with Bay Park Elementary,01/14/2025 12:00 AM,Warren Mall,$232.07,,11/14/2024 9:26:52 PM
22809,ArtSpark,Winter GBM #1,01/14/2025 12:00 AM,Price Center Marshall Room,$412.96,,11/15/2024 9:15:27 PM
22816,American Institute of Chemical Engineers (AIChE),Info Night - Semiconductor Industry Day,01/14/2025 12:00 AM,SME 248,$182.50,,11/15/2024 11:07:37 PM
22819,American Institute of Chemical Engineers (AIChE),Info Night - Semiconductor Industry Day,01/14/2025 12:00 AM,SME 248,$182.50,,11/15/2024 11:36:10 PM
22719,"Brain Exercise Initiative, The",BEI 2025 Winter Quarter GBM,01/15/2025 12:00 AM,PC West Green Table Room,$216.58,,11/2/2024 12:01:14 PM
22771,Pre-Pharmacy Society @ UC San Diego,USC GBM,01/15/2025 12:00 AM,Price Center ERC Room,$93.22,,11/14/2024 9:55:47 AM
22777,Pandora Forum at UC San Diego,Welcome Back! Winter Solstice Spectacular,01/15/2025 12:00 AM,Price Center - Warren College Room,$279.00,,11/13/2024 5:49:29 PM
22780,Biological Sciences Student Association,Winter Bash,01/15/2025 12:00 AM,Bonner Hall 2130,$74.75,,11/13/2024 6:44:50 PM
22782,Project in a Box,Winter W2 Project Committee,01/15/2025 12:00 AM,EnVision,$300.00,,11/14/2024 12:50:38 AM
22808,Undergraduate Women in Computing at UC San Diego,Tech Dev Workshop 1,01/15/2025 12:00 AM,B225,$347.49,,11/15/2024 8:47:45 PM
22821,Cognitive Science Student Association,CSSA Winter Quarter GBM,01/15/2025 12:00 AM,Price Center – Ballroom | West B,$297.35,,11/16/2024 10:43:18 PM
22680,Undergraduate Women in Computing at UC San Diego,Game Night,01/16/2025 12:00 AM,ASML Room,$239.41,,11/15/2024 7:43:49 PM
22799,Engineers Without Borders at UC San Diego,EWB Winter GBM,01/16/2025 12:00 AM,Price Center Bear Room,$495.65,,11/15/2024 2:22:05 PM
22807,Stationery Club,Scrapbooking,01/16/2025 12:00 AM,Warren College Room,$400.00,,11/15/2024 6:20:15 PM
22810,Undergraduate Women in Computing at UC San Diego,Tech Dev Workshop 2,01/16/2025 12:00 AM,B225,$347.49,,11/15/2024 8:49:09 PM
22820,Sigma Eta Pi,Social Night,01/16/2025 12:00 AM,UCSD PC Gameroom,$312.41,,11/15/2024 11:45:40 PM
* 22788,Animation Club,GBM #1 - Pitching for Showcase,01/17/2025 12:00 AM,Price Center Green Table Room,$439.44,,11/15/2024 8:55:49 PM
* 22797,Deejays and Vinylphiles Club,DVC Presents: WINTER 360,01/17/2025 12:00 AM,The Stageroom,"$1,500.00",,11/15/2024 3:25:46 PM
22751,Video Game Development Club (VGDC) at UC San Diego,TCP Kickoff,01/17/2025 12:00 AM,Price Center Red Shoe Room & Bear Room,$438.37,,11/15/2024 11:26:01 PM
22781,Biological Sciences Student Association,Careers in Life Sciences (CILS) Conference,01/17/2025 12:00 AM,Kavli Auditorium,"$1,668.75",,11/14/2024 12:04:04 AM
22793,Biomedical Engineering Society (BMES),Lab Expo 2025,01/17/2025 12:00 AM,Price Center West Ballroom AB,"$1,606.89",,11/15/2024 7:37:27 PM
22794,Triton Droids,Triton Droids GBM,01/17/2025 12:00 AM,Price Center - Forum,$326.96,,11/14/2024 11:33:39 PM
22801,Association for Computing Machinery (ACM),You Wouldn't Hack A Game...,01/17/2025 12:00 AM,EBU 1 Qualcomm Room,$193.95,,11/15/2024 3:52:28 PM
22813,Triton Minecraft,Triton Minecraft Winter GBM,01/17/2025 12:00 AM,ERC Room,$591.69,,11/15/2024 7:18:15 PM
22818,American Institute of Chemical Engineers (AIChE),ChemE Competition Team Showcase,01/17/2025 12:00 AM,SME 248,$179.94,,11/15/2024 11:34:02 PM
22734,Chinese Engineering Society,Dine With Senior,01/18/2025 12:00 AM,Bear Room and Red Shoe Room,$201.92,,11/11/2024 8:21:40 PM
22768,Triton Fighters,Division Snow Day Showdown,01/18/2025 12:00 AM,Price Center Ballroom West B,"$1,434.75",,11/15/2024 9:51:14 PM
22858,Keyboard Club at UC San Diego,"New Year, New Keebs",01/18/2025 12:00 AM,Price Center East Ballroom,$554.33,,11/22/2024 11:21:15 PM
22852,Institute of Electrical and Electronics Engineers (IEEE),Winter Quarterly Projects Kickoff,01/20/2025 12:00 AM,Qualcomm Conference Room,$599.00,,11/22/2024 10:37:48 PM
22854,Association for Computing Machinery (ACM),Intro to Identity Theft,01/20/2025 12:00 AM,SME ASML Room,$193.95,,11/22/2024 11:07:18 PM
22856,Association for Computing Machinery (ACM),Product Space X ACM: CS Adjacent Careers,01/20/2025 12:00 AM,SME ASML Room,$299.55,,11/22/2024 11:14:17 PM
* 22681,Undergraduate Women in Computing at UC San Diego,Mentor/Mentee Succulent Social!,01/21/2025 12:00 AM,ASML Room,$231.21,,11/15/2024 7:55:56 PM
* 22859,Association for Computing Machinery (ACM),Winter Projects Kickoff,01/21/2025 12:00 AM,SME ASML Room,$259.57,,11/22/2024 11:21:44 PM
22772,Pre-Pharmacy Society @ UC San Diego,Oncology GBM,01/21/2025 12:00 AM,Price Center ERC Room,$93.22,,11/14/2024 9:58:14 AM
22800,Undergraduate Women in Computing at UC San Diego,Project Teams Kickoff,01/21/2025 12:00 AM,SME 248,$569.20,,11/22/2024 5:39:39 PM
22824,NanoEngineering and Technology Society,NETS Coffee Talk,01/21/2025 12:00 AM,SME 348,$173.59,,11/19/2024 7:17:07 PM
22828,Pilipino Undergraduate Society for Health,PUSH Karaoke Social,01/21/2025 12:00 AM,Price Center - Marshall College Room,$156.70,,11/21/2024 6:57:28 PM
22829,Pre-PA Student Organization (PPASO),PPASO Winter GBM 1,01/21/2025 12:00 AM,Multipurpose Room,$120.00,,11/20/2024 8:16:11 PM
22831,Healthy Skin Initiative (HSI),HSI GBM #1,01/21/2025 12:00 AM,Price Center Bear Room,$296.31,,11/20/2024 8:53:56 PM
22846,Eta Kappa Nu (HKN),HKN Induction Info Session 1,01/21/2025 12:00 AM,"Henry Booker Room, Jacobs Hall",$400.00,,11/22/2024 6:53:48 PM
22776,Sun God Soccer,SGS Tabling,01/22/2025 12:00 AM,Outdoor Tabling Library Walk 1982,$278.56,,11/13/2024 2:52:53 PM
22783,Project in a Box,Winter W3 Project Committee,01/22/2025 12:00 AM,EnVision,$300.00,,11/14/2024 12:53:21 AM
22826,Cognitive Science Student Association,CSSA Workshop #2: Portfolio Building,01/22/2025 12:00 AM,Price Center ERC Room,$86.00,,11/20/2024 11:06:04 AM
22827,Health and Medical Professions Preparation Program (HMP3),HMP3-HRI Undergraduate Research Info Panel,01/22/2025 12:00 AM,Campus reservations,$273.07,,11/22/2024 6:30:28 PM
22839,Mixed Student Union,Edusession,01/22/2025 12:00 AM,Price Center Green Table Room,$178.50,,11/22/2024 1:34:19 PM
22843,Pre-Medical APAMSA at UC San Diego,APAMSA Lunar New Year,01/22/2025 12:00 AM,Price Center - Bear Room,$344.80,,11/22/2024 4:48:37 PM
22845,Hope Epsilon Lambda Pi,GBM 1,01/22/2025 12:00 AM,Red Shoe Room,$80.00,,11/22/2024 5:02:26 PM
22849,American Institute of Chemical Engineers (AIChE),Winter GBM #1,01/22/2025 12:00 AM,SME 248,$215.50,,11/22/2024 9:55:56 PM
22861,Undergraduate Bioinformatics Club (UBIC),Mentor-Mentee Arts and Crafts Social,01/22/2025 12:00 AM,Zweifach Library - PFBH,$210.98,,11/22/2024 11:29:22 PM
* 22851,Society of Cosmetic Chemists at UC San Diego,Ysabel Francesca Aguirre,01/23/2025 12:00 AM,Marshall College Room,$187.68,,11/22/2024 9:39:00 PM
22728,"Brain Exercise Initiative, The",BEI 2025 Winter Quarter Social,01/23/2025 12:00 AM,PC West Green Table Room,$200.00,,11/6/2024 9:09:41 PM
22737,Biomedical Engineering Society (BMES),Switching Into Bioengineering Symposium,01/23/2025 12:00 AM,Fung Auditorium at the Powell-Focht Bioengineering Hall,$112.23,,11/7/2024 10:41:43 PM
22842,BRASA,GBM,01/23/2025 12:00 AM,Marshall College Room,$248.90,,11/22/2024 2:32:07 PM
22848,Eta Kappa Nu (HKN),Ecological Modeling Workshop,01/23/2025 12:00 AM,Jacobs Hall 2315,$105.06,,12/16/2024 2:50:34 PM
22857,Institute of Electrical and Electronics Engineers (IEEE),IEEE Jester's Trivia Joust,01/23/2025 12:00 AM,Henry Booker Room,$285.00,,11/22/2024 11:18:54 PM
* 22836,MedLink @ UC San Diego,Medlink GBM #1,01/24/2025 12:00 AM,Price Center Marshall Room,$189.05,,11/21/2024 10:31:09 PM
22730,Chem-E-Car Project,Chem-E-Car Winter GBM #1,01/24/2025 12:00 AM,SME 248 ASML Conference Center,$288.00,,11/6/2024 9:47:36 PM
22840,TritonTubers,TritonTubers Winter GBM,01/24/2025 12:00 AM,Price Center Red Shoe Room,$349.50,,11/22/2024 5:39:13 PM
22841,Student Involvement Leadership Consultants (SILCs),Winter Wonderland - A CSI Student Org Fair,01/24/2025 12:00 AM,Town Square,"$3,647.41",,12/3/2024 3:22:06 PM
22844,Architecture at UC San Diego,Winter GBM,01/24/2025 12:00 AM,Urban Studies and Planning Studio (RWAC 0104),$250.00,,11/22/2024 10:42:29 PM
22853,Institute of Electrical and Electronics Engineers (IEEE),Brunch with Industry Professionals,01/24/2025 12:00 AM,Henry Booker Room,$505.89,,11/22/2024 11:04:35 PM
22855,Institute of Electrical and Electronics Engineers (IEEE),React Web Dev Workshop,01/24/2025 12:00 AM,Henry Booker Room,$189.53,,11/22/2024 11:13:45 PM
22830,Eta Kappa Nu (HKN),HKN Induction Ceremony,01/25/2025 12:00 AM,"Henry Booker Room, Jacobs Hall",$700.00,,11/20/2024 8:49:36 PM
* 22888,Association for Computing Machinery (ACM),How AI Powers Recommender Systems,01/27/2025 12:00 AM,ASML Room,$134.69,,11/29/2024 5:46:32 PM
22833,Rotaract Club at UC San Diego,Week 4 GBM Celebration,01/27/2025 12:00 AM,ASANTE 123D,$216.58,,11/21/2024 2:29:26 PM
22847,Eta Kappa Nu (HKN),HKN Induction Info Session 2,01/27/2025 12:00 AM,"Henry Booker Room, Jacobs Hall",$400.00,,11/22/2024 6:56:20 PM
22874,Chinese Global Community,CGC Spring Festival 2025,01/27/2025 12:00 AM,PC West Ballroom AB,"$1,412.50",,11/27/2024 4:07:34 PM
22882,Graphite,Graphite Week 4 GBM,01/27/2025 12:00 AM,NSB Auditorium,$250.00,,11/28/2024 7:20:50 PM
22886,Institute of Electrical and Electronics Engineers (IEEE),IEEE Intern Panel,01/27/2025 12:00 AM,Henry Booker Room,$198.17,,11/29/2024 1:19:06 PM
22887,Boardgames and Boba @ UC San Diego,Board Game and Boba Winter Jeopardy Night,01/27/2025 12:00 AM,Price Center Theather,$659.26,,11/29/2024 5:01:43 PM
22897,Hidden Road Initiative,HRI Winter Social,01/27/2025 12:00 AM,Marshall College Room,$376.40,,11/29/2024 9:54:53 PM
22899,NanoEngineering and Technology Society,NETS Spelling Bee,01/27/2025 12:00 AM,Green Table Room PC,$300.00,,11/29/2024 10:35:31 PM
22717,Sports Medicine Association at UC San Diego,Winter GBM 2,01/28/2025 12:00 AM,Price Center ERC Room,$216.58,,11/14/2024 8:56:51 PM
22876,Biological Sciences Student Association,Cold Call Emailing,01/28/2025 12:00 AM,Marshall College Room,$237.02,,11/27/2024 8:41:22 PM
22898,American Institute of Chemical Engineers (AIChE),Undergraduate Student Research Panel,01/28/2025 12:00 AM,SME 248,$178.81,,11/29/2024 10:28:08 PM
* 22685,Undergraduate Women in Computing at UC San Diego,Designing for All: Practicing Accessible UI,01/29/2025 12:00 AM,ASML Room,$147.84,,11/15/2024 9:04:13 PM
* 22811,Undergraduate Women in Computing at UC San Diego,Tech Dev Workshop 3,01/29/2025 12:00 AM,B225,$215.39,,11/15/2024 8:50:00 PM
22784,Project in a Box,Winter W4 Project Committee,01/29/2025 12:00 AM,EnVision,$300.00,,11/14/2024 12:55:43 AM
22871,Triton NeuroTech,TNT Forum,01/29/2025 12:00 AM,Henry Booker,$100.18,,11/26/2024 5:19:45 PM
22890,Association for Computing Machinery (ACM),ACM Celebrates Lunar New Year,01/29/2025 12:00 AM,ASML Room,$549.53,,11/29/2024 5:57:53 PM
22893,Mixed Student Union,Lunar New Year,01/29/2025 12:00 AM,Price Center Marshall Room,$305.47,,11/29/2024 6:38:13 PM
22894,Stationery Club,Stickers,01/29/2025 12:00 AM,Price Center Bear Room,$510.00,,11/29/2024 8:31:52 PM
* 22891,Association for Computing Machinery (ACM),iClick3r H@ckin',01/30/2025 12:00 AM,SME ASML Room,$134.69,,11/29/2024 5:59:45 PM
22787,Biological Sciences Student Association,Networking with Alumni,01/30/2025 12:00 AM,PC Forum,$382.51,,11/14/2024 10:40:52 AM
22873,Health and Anti-Recidivism Project (HAARP),UCSD HAARP Letter Writing Campaign: Bridging Connections Beyond Bars,01/30/2025 12:00 AM,Price Center - Sixth College Room,$59.54,,11/27/2024 3:44:23 PM
22885,Society of Asian Scientists and Engineers at UC San Diego,Mentor Mentee Sizzling Reveal Party,01/30/2025 12:00 AM,Bear Room,$300.00,,11/29/2024 11:39:35 AM
22895,Eta Kappa Nu (HKN),UCSD Tour with San Diego High School,01/30/2025 12:00 AM,Warren Mall,$263.72,,12/16/2024 2:48:35 PM
22900,Hidden Road Initiative,HRI Winter Social,01/30/2025 12:00 AM,Marshall College Room,$376.40,,11/29/2024 10:39:42 PM
* 22879,American Chemical Society Student Affiliates (ACSSA),Week 4 gbm,01/31/2025 12:00 AM,NSB atrium,$350.00,,11/28/2024 1:09:53 PM
22883,Eta Kappa Nu (HKN),ECE Depths Seminar,01/31/2025 12:00 AM,Qualcomm Conference Room,$552.27,,11/28/2024 11:07:51 PM
22901,Triton Minecraft,Art Block,01/31/2025 12:00 AM,Bear Room,$297.27,,11/29/2024 11:44:11 PM
* 22837,Chinese Drama Club,Chinese Drama Club Winter Performance,02/01/2025 12:00 AM,PC East Ballroom,$568.85,,11/26/2024 3:18:33 PM
* 22875,Scripps Education Association,SEA Club Winter Formal,02/01/2025 12:00 AM,Price Center Dance Studio,,,11/27/2024 4:59:07 PM
22908,Pakistani Student Association,Mock Mehndi,02/01/2025 12:00 AM,Price Center Ball Room B,"$3,518.75",,1/8/2025 4:19:43 PM
22914,Eta Kappa Nu (HKN),H.A.R.D. Hack Day 1 Breakfast,02/01/2025 12:00 AM,Jacobs School of Engineering Classroom 2315,$584.10,,12/6/2024 3:26:33 PM
22917,ArtSpark,ArtSpark Cafe,02/01/2025 12:00 AM,"Dolores Huerta - Philip Vera Cruz Room, Student Center",$157.56,,12/6/2024 11:39:54 PM
22928,Institute of Electrical and Electronics Engineers (IEEE),H.A.R.D. Hack Day 1,02/01/2025 12:00 AM,Henry Booker Room,$862.00,,12/6/2024 9:07:51 PM
22935,Triton NeuroTech,H.A.R.D. Hack Day 1 [meal],02/01/2025 12:00 AM,Qualcomm Conference Center and Classroom 2509,"$1,163.27",,12/6/2024 10:04:11 PM
22869,Scripps Education Association,General Body Meeting,02/03/2025 12:00 AM,Vaughn 100,$78.18,,11/24/2024 8:31:35 PM
22933,Boardgames and Boba @ UC San Diego,Winter Week 5 Board Game and Boba Game Night,02/03/2025 12:00 AM,Price Center West Ballroom B,$742.24,,12/6/2024 10:01:44 PM
22939,Association for Computing Machinery (ACM),Intro to Music Coding,02/03/2025 12:00 AM,Fishbowl (CSE B225),$134.69,,12/6/2024 11:36:47 PM
22941,NanoEngineering and Technology Society,NETS x NSBE x IEEE Social,02/03/2025 12:00 AM,Price Center Forum,$366.36,,12/6/2024 11:41:47 PM
22682,Undergraduate Women in Computing at UC San Diego,Keychain Charm Social,02/04/2025 12:00 AM,ASML Room,$273.79,,11/15/2024 8:18:03 PM
22714,Society of Asian Scientists and Engineers at UC San Diego,GBM 2,02/04/2025 12:00 AM,Qualcomm Conference Center,$510.74,,10/28/2024 4:49:43 PM
22906,Society of Women Engineers (SWE),SWE Winter GBM #2,02/04/2025 12:00 AM,Henry Booker Room,$216.58,,12/3/2024 10:08:25 AM
22923,Undergraduate Bioinformatics Club (UBIC),Slime Event,02/04/2025 12:00 AM,PFBH 489 (Zweifach Library),$261.59,,12/6/2024 3:03:26 PM
* 22936,Association for Computing Machinery (ACM),"Camp CompTIA+: Attacks, Threats, & Vulnerabilities",02/05/2025 12:00 AM,Fishbowl (CSE B225),$134.69,,12/6/2024 10:04:02 PM
22785,Project in a Box,Winter W5 Project Committee,02/05/2025 12:00 AM,EnVision,$300.00,,11/14/2024 12:58:50 AM
22834,"Out in Science, Technology, Engineering, and Mathematics (oSTEM)",oSTEM GBM #2: Tarot Cards,02/05/2025 12:00 AM,LGBT Resource Center,$161.37,,11/21/2024 8:58:52 PM
22904,Malaysian Student Association,MYSA CNY Celebration,02/05/2025 12:00 AM,Price Center Red Shoe Room,$400.00,,12/6/2024 7:32:58 PM
22905,Eta Kappa Nu (HKN),HKN Officer Speed Networking,02/05/2025 12:00 AM,Marshall College Room,$242.50,,12/2/2024 6:34:33 PM
22913,Ahlul-Bayt Student Association,ABSA Celebration of Imams' Birthdays,02/05/2025 12:00 AM,Dolores Huerta - Philip Vera Cruz Room,$559.95,,12/5/2024 12:38:08 PM
22926,American Medical Student Association,AMSA Physician Mixer,02/05/2025 12:00 AM,Multipurpose Room,$700.00,,12/6/2024 8:11:11 PM
22738,Biomedical Engineering Society (BMES),BMES Winter GBM #2,02/06/2025 12:00 AM,Fung Auditorium at Powell-Focht Bioengineering Hall,$182.40,,11/7/2024 11:06:31 PM
22802,Undergraduate Women in Computing at UC San Diego,Project Teams Meetup 2,02/06/2025 12:00 AM,SME 248,$597.59,,11/22/2024 5:41:55 PM
22832,Healthy Skin Initiative (HSI),HSI Banquet,02/06/2025 12:00 AM,Student Center Huerta-Vera Cruz,$280.00,,11/20/2024 9:03:08 PM
22915,Muslim Student Association,IAW GBM,02/06/2025 12:00 AM,PC Ballroom East,"$1,293.59",,12/5/2024 5:42:21 PM
22934,Triton Creatives,Audience Hooks,02/06/2025 12:00 AM,Price Center Bear Room,$280.00,,12/6/2024 9:58:04 PM
22937,Association for Computing Machinery (ACM),Q-Learning For Poker,02/06/2025 12:00 AM,Fishbowl (CSE B225),$134.69,,12/6/2024 10:08:25 PM
22907,Redeemer’s Grace Church on Campus at UC San Diego,RGC Doubt Night,02/07/2025 12:00 AM,Huerta- Vera Cruz,$441.78,,12/3/2024 10:55:52 AM
22909,Movimiento Estudiantil Chicanx por Activismo (MEChA),Paint and Sip,02/07/2025 12:00 AM,Cross Cultural Center Art Space,$293.31,,12/3/2024 5:43:01 PM
22940,Association for Computing Machinery (ACM),ACM Game Night,02/07/2025 12:00 AM,Fishbowl (CSE B225),$134.69,,12/6/2024 11:40:28 PM
22956,Musicians Club @ UC San Diego,Musicians’ Club Open Mic,02/08/2025 12:00 AM,PC Theater,$800.00,,12/13/2024 7:56:47 PM
22995,Institute of Electrical and Electronics Engineers (IEEE),IEEE QP Workathon 1,02/08/2025 12:00 AM,Henry Booker Room,$274.00,,1/6/2025 7:40:43 AM
23025,Chinese Students and Scholars Association,UCSD CSSA Spring Festival Gala 2025,02/09/2025 12:00 AM,Mandeville Auditorium,"$5,000.00",,1/9/2025 6:55:58 PM
* 22992,Undergraduate Women in Computing at UC San Diego,BPC Committee Work Day,02/10/2025 12:00 AM,ASML Room,$90.46,,1/3/2025 7:41:15 PM
22922,Cognitive Science Student Association,CSSA Workshop #4,02/10/2025 12:00 AM,Price Center Red Shoe Room,$277.50,,12/6/2024 11:47:39 PM
22948,Muslim Student Association,Islam Awareness Week Tabling: Day 1,02/10/2025 12:00 AM,Library Walk,$343.83,,1/2/2025 11:56:17 PM
22954,Society for Advancement of Chicanos/Hispanics and Native Americans in Science (SACNAS) Chapter at UC San Diego,Welcome Back Winter GBM,02/10/2025 12:00 AM,Pac Hall 3500,$65.00,,12/13/2024 3:29:25 PM
22975,Muslim Student Association,IAW Night Event 1,02/10/2025 12:00 AM,Multi-Purpose Room Student Services Center,"$1,528.58",,1/2/2025 6:46:44 PM
22988,Undergraduate Women in Computing at UC San Diego,Galentine's Social,02/10/2025 12:00 AM,ASML Room,$243.40,,1/3/2025 7:27:46 PM
23026,Movimiento Estudiantil Chicanx por Activismo (MEChA),MEChA Week 6 General Body Meeting,02/10/2025 12:00 AM,Cross Cultural Center - Community Room,$216.58,,1/9/2025 8:32:40 PM
23028,Betty Boarders,Isabel Arntz,02/10/2025 12:00 AM,Earl Warren Room,$19.90,,1/9/2025 10:22:19 PM
23042,Alzheimer's Foundation of America on Campus,GBM 2,02/10/2025 12:00 AM,Governance Chamber,$150.86,,1/10/2025 9:16:49 PM
23049,Care2Share at UC San Diego,C2S GBM,02/10/2025 12:00 AM,Student Services Center - Conference Room 300,$173.48,,1/10/2025 10:25:48 PM
* 22950,Muslim Student Association,Islam Awareness Week Tabling: Day 2,02/11/2025 12:00 AM,Library Walk,,,1/3/2025 12:21:29 AM
22779,Sports Medicine Association at UC San Diego,Winter GBM 3,02/11/2025 12:00 AM,Price Center Bear Room,$216.58,,11/13/2024 9:49:48 PM
22825,"Out in Science, Technology, Engineering, and Mathematics (oSTEM)",oSTEM Palentine's Day Mixer,02/11/2025 12:00 AM,LGBT Resource Center,$172.45,,11/19/2024 9:36:38 PM
22952,Undergraduate Bioinformatics Club (UBIC),Build a Bag for Seniors,02/11/2025 12:00 AM,Green Table Room,$247.40,,12/12/2024 11:54:30 PM
22955,American Medical Student Association,Adrian Lee,02/11/2025 12:00 AM,Student Center Stage Room,$384.50,,12/13/2024 5:33:47 PM
22957,Triton Quantitative Trading,Bots Strategies2,02/11/2025 12:00 AM,CSE 1202,$233.19,,12/13/2024 10:58:29 PM
22976,Muslim Student Association,IAW Night Event 2,02/11/2025 12:00 AM,PC Theater,"$1,999.85",,1/2/2025 7:02:44 PM
22989,Undergraduate Women in Computing at UC San Diego,WIC x ACM Hack Collab,02/11/2025 12:00 AM,B225,$330.00,,1/3/2025 7:31:00 PM
22991,American Institute of Chemical Engineers (AIChE),Winter Quarter Projects Social,02/11/2025 12:00 AM,SME 248,$140.00,,1/3/2025 7:37:37 PM
* 22918,Alpha Epsilon Delta Pre-Health Professional Honor Society,AED Winter GBM 3,02/12/2025 12:00 AM,PC Theater,$467.97,,12/5/2024 10:46:00 PM
* 22951,Muslim Student Association,Islam Awareness Week Tabling: Day 3,02/12/2025 12:00 AM,Library Walk,,,1/3/2025 7:20:00 PM
22786,Project in a Box,Winter W6 Project Committee,02/12/2025 12:00 AM,EnVision,$300.00,,11/14/2024 1:01:30 AM
22910,Triton XR,"Bands, Boba, and Beats",02/12/2025 12:00 AM,MAVERiC Studio (room 436 in Design and Innovation Building),$181.46,,12/3/2024 11:15:48 PM
22945,Biological Sciences Student Association,Bouquet Making Social,02/12/2025 12:00 AM,Bonner Hall 2140,$132.30,,12/10/2024 1:35:03 PM
22958,Triton Creatives,Seeing Angles for Social Media Production,02/12/2025 12:00 AM,Price Center Red Shoe Room,$95.60,,12/14/2024 12:02:23 AM
22965,Music and Memory at UC San Diego,Music and Memory Winter 24 GBM #3,02/12/2025 12:00 AM,Price Center - Eleanor Roosevelt College Room,$344.58,,1/2/2025 4:23:00 PM
22967,Transfers in Science,Transfers in Science Puzzle Night Social,02/12/2025 12:00 AM,Green Table Room,$200.00,,12/21/2024 6:42:28 PM
22978,Muslim Student Association,IAW Night Event 3,02/12/2025 12:00 AM,Multi-Purpose Room Student Services Center,"$1,481.94",,1/2/2025 7:28:33 PM
22981,Sigma Eta Pi,GBM #4,02/12/2025 12:00 AM,Otterson Hall 1S114,$296.31,,1/2/2025 9:20:18 PM
22986,Undergraduate Women in Computing at UC San Diego,GBM #2,02/12/2025 12:00 AM,ASML Room,$474.10,,1/3/2025 7:08:47 PM
23008,Mixed Student Union,Letters to Self,02/12/2025 12:00 AM,Cross Cultural Center - Art Space,$178.20,,1/3/2025 11:24:20 PM
* 22938,Ahlul-Bayt Student Association,ABSA Collab with Speaker,02/13/2025 12:00 AM,Red shoe Room,$598.05,,12/6/2024 10:50:06 PM
* 22977,Cognitive Science Student Association,Valentine's Arts & Crafts,02/13/2025 12:00 AM,Price Center Warren Room,$198.16,,1/3/2025 12:37:29 AM
* 22983,Muslim Student Association,Islam Awareness Week Tabling: Day 4,02/13/2025 12:00 AM,Library Walk,,,1/3/2025 7:23:38 PM
* 23051,Triton Gaming,Meet Your Match,02/13/2025 12:00 AM,Triton Esports Center,$203.07,,1/10/2025 11:12:17 PM
22920,Students for Global Health,Valentine’s Day Social - Students For Global Health,02/13/2025 12:00 AM,Price Center (ERC Room),$101.66,,12/6/2024 11:54:39 AM
22929,AI Sphere,Ai Sphere Symposium,02/13/2025 12:00 AM,"Price Center, Governance Chambers",$100.00,,12/6/2024 9:17:46 PM
22972,Health and Anti-Recidivism Project (HAARP),GBM #2 Guest Speaker Event,02/13/2025 12:00 AM,Price Center - Green Table Room,$70.00,,1/2/2025 1:54:01 PM
22973,Cheese Club,You're my Cheddar Half/Brie My Valentine,02/13/2025 12:00 AM,Price Center Green Table Room,$500.85,,1/2/2025 8:37:40 PM
22979,Muslim Student Association,IAW Night Event 4,02/13/2025 12:00 AM,Multi-Purpose Room Student Services Center,"$1,529.86",,1/2/2025 7:55:12 PM
22971,Triton Minecraft,Valentines in Minecraft,02/14/2025 12:00 AM,Bear Room,$147.50,,1/2/2025 10:58:12 AM
22996,Institute of Electrical and Electronics Engineers (IEEE),Music Streaming Device Workshop,02/14/2025 12:00 AM,ECE Makerspace,$164.76,,1/3/2025 8:06:29 PM
22953,Vertical Flight Society @ UC San Diego,VFS@UCSD Resume Review,02/15/2025 12:00 AM,EBU2 classrooms,$86.09,,1/28/2025 9:48:27 AM
22961,Society of Civil and Structural Engineers,Steel Bridge Field Day,02/15/2025 12:00 AM,Sun God Lawn,$397.32,,12/16/2024 5:46:31 PM
22980,Anime & Manga Enthusiasts at UC San Diego,AnimeFest 2025,02/15/2025 12:00 AM,Price Center,"$10,402.70",,1/2/2025 8:02:53 PM
23022,University Church Chinese Christian Fellowship (UCCCF),Cover Letter Workshop,02/17/2025 12:00 AM,Mesa Nueva - CA-A192B Large Conference Room,$143.85,,1/9/2025 1:27:56 PM
22919,Students for Global Health,GBM #4 - Students For Global Health,02/18/2025 12:00 AM,Price Center (ERC Room),$200.00,,12/6/2024 11:19:34 AM
22990,Undergraduate Women in Computing at UC San Diego,Tech Dev Workshop 2/18,02/18/2025 12:00 AM,B225,$215.39,,1/3/2025 7:37:37 PM
23011,Pre-PA Student Organization (PPASO),PPASO GBM,02/18/2025 12:00 AM,Multipurpose Room,$120.00,,1/6/2025 2:22:49 PM
23015,Health and Medical Professions Preparation Program (HMP3),Dine with a Professional feat. HRI and SEARCH,02/18/2025 12:00 AM,NSB Atrium/Auditorium,$279.98,,1/9/2025 2:48:51 PM
23020,Pre-Pharmacy Society @ UC San Diego,Meet the Dean,02/18/2025 12:00 AM,Price Center Warren Room,$251.85,,1/10/2025 9:36:29 PM
23036,Students for Global Health,GBM #4 - Students For Global Health,02/18/2025 12:00 AM,ERC Room - Price Center,$200.00,,1/10/2025 1:20:53 PM
23040,Computer Science and Engineering Society,CSES Dev Social,02/18/2025 12:00 AM,Governance Chambers,$289.99,,1/10/2025 4:01:54 PM
23052,Institute of Electrical and Electronics Engineers (IEEE),"Inside a YC Startup: Tech, Growth, and Lessons from Stempad",02/18/2025 12:00 AM,Henry Booker Room,$232.63,,1/10/2025 11:27:10 PM
23053,Institute of Electrical and Electronics Engineers (IEEE),IEEE Networking Event Collab w/HKN and TreasureHacks,02/18/2025 12:00 AM,Qualcomm Conference Room,$366.35,,1/10/2025 11:33:08 PM
22872,Biomedical Engineering Society (BMES),Translational Medicine Day 2025,02/19/2025 12:00 AM,Price Center West Ballroom AB,"$2,000.00",,12/1/2024 4:01:59 PM
22880,American Chemical Society Student Affiliates (ACSSA),Chemistry Career Day,02/19/2025 12:00 AM,NSB atrium,$397.64,,11/28/2024 1:28:13 PM
23030,Project in a Box,Winter W7 Project Committee,02/19/2025 12:00 AM,EnVision,$300.00,,1/10/2025 12:00:32 AM
23047,"Speech, Physical, Occupational Therapy (SPOT)",Sensory Board Making Event,02/19/2025 12:00 AM,Red Shoe Room,$32.61,,1/10/2025 9:33:44 PM
23050,Sigma Eta Pi,GBM #5,02/19/2025 12:00 AM,Otterson Hall 1S114,$393.29,,1/10/2025 11:18:34 PM
22962,UNICEF Club @ UC San Diego,UNICEF Club GBM #4,02/20/2025 12:00 AM,Price Center - Marshall College Room,$103.09,,12/16/2024 8:10:51 PM
23019,Music and Memory at UC San Diego,Guest Speaker Event -- Music and Memory @ UCSD,02/20/2025 12:00 AM,Price Center - Warren College Room,$208.30,,1/8/2025 6:28:35 PM
23029,Poseidon's Closet,Sustainability Workshop,02/20/2025 12:00 AM,Bear Room,$105.46,,1/9/2025 11:22:00 PM
23035,AI Sphere,Ai Sphere Symposium,02/20/2025 12:00 AM,Student Services Center - Conference Room 300,$171.32,,1/10/2025 1:06:07 PM
23043,Shifa Society,Shifa: Doctor Guest Speaker,02/20/2025 12:00 AM,PC Forum,$797.80,,1/10/2025 6:00:58 PM
23044,Association for Computing Machinery (ACM),Fireside Chat with Shield AI Founder (OFFICIAL EVENT),02/20/2025 12:00 AM,Qualcomm Room,$592.63,,1/10/2025 8:19:03 PM
23046,Pre-Pharmacy Society @ UC San Diego,Mentor Mentee Bonding,02/20/2025 12:00 AM,Skaggs School of Pharmacy HSEC Classrooms 2&3,$39.80,,1/10/2025 9:25:22 PM
23054,Institute of Electrical and Electronics Engineers (IEEE),Brush & Bond: IEEE x SWE Painting De-Stress,02/20/2025 12:00 AM,Henry Booker Room,$98.53,,1/10/2025 11:40:11 PM
* 22943,Scripps Education Association,SEA Club Candidate Speeches,02/21/2025 12:00 AM,Vaughn 100,$263.99,,12/8/2024 8:30:38 PM
22949,UNICEF Club @ UC San Diego,UNICEF Club GBM #3,02/21/2025 12:00 AM,Price Center - Marshall College Room,$103.09,,12/12/2024 2:09:22 PM
23013,Thai Student Union,TSU Game Night,02/21/2025 12:00 AM,Price Center Red Shoe Room,$148.75,,1/8/2025 11:37:00 PM
23041,Video Game Development Club (VGDC) at UC San Diego,VGDC Alumni Panel,02/21/2025 12:00 AM,CSE 1202,$772.67,,1/10/2025 8:23:30 PM
23048,Political Voices for Change At UC San Diego,Sudan Awareness Event,02/21/2025 12:00 AM,Marshall College Room,$300.00,,1/17/2025 4:21:12 PM
22997,Institute of Electrical and Electronics Engineers (IEEE),IEEE QP Workathon 2,02/22/2025 12:00 AM,Henry Booker Room,$242.44,,1/3/2025 8:20:06 PM
23010,Aequora Ballet Company,Masterclass featuring Jenny Asseff,02/22/2025 12:00 AM,Price Center Dance Studio,$160.00,,1/6/2025 11:28:28 AM
23092,Nueva Herencia de UC San Diego,Herencialanda,02/22/2025 12:00 AM,Price Center Ballroom East,"$1,500.00",,1/17/2025 4:30:53 PM
23125,Acamazing,Varsity Vocals at International Championship of Collegiate A Cappella (@ Mandeville Auditorium at UC San Diego),02/22/2025 12:00 AM,International Championship of Collegiate A Cappella (@ Mandeville Auditorium at UC San Diego),$400.00,,1/23/2025 7:26:04 PM
22987,Health Link,HealthLink Ideation Program Week 8,02/24/2025 12:00 AM,Franklin Antonio Hall IGE Space,$246.00,,1/3/2025 7:24:29 PM
23066,TEDx@UCSanDiego,TEDxUCSanDiego Salon 2025: Golden Hour,02/24/2025 12:00 AM,Stage Room + Patio,$606.23,,1/17/2025 3:31:33 PM
23088,Association for Computing Machinery (ACM),ACM x WIC Make Clay Displays60,02/24/2025 12:00 AM,Qualcomm Room,$247.83,,1/17/2025 12:43:33 PM
23096,Stationery Club,Brush Pens,02/24/2025 12:00 AM,Price Center Warren Rm,$501.51,,1/17/2025 7:59:41 PM
23097,Graphite,Graphite Week 8 GBM,02/24/2025 12:00 AM,NSB Auditorium,$179.34,,1/17/2025 6:48:57 PM
* 23065,Scripps Education Association,Graduate Student Mixer,02/25/2025 12:00 AM,Hubbs 4500,$460.00,,1/13/2025 11:44:55 AM
* 23139,Chi Omega,Chi Omega Wish Bowl Tabling,02/25/2025 12:00 AM,Library Walk,$990.50,,1/24/2025 12:44:08 PM
22942,Pre-Pharmacy Society @ UC San Diego,Health Promotion Services Naloxone Training Workshop,02/25/2025 12:00 AM,Price Center Bear Room,$77.33,,1/10/2025 9:53:16 PM
22969,Triton Creatives,LootBoxes,02/25/2025 12:00 AM,Price Center Red Shoe Room,$150.00,,12/27/2024 11:28:29 PM
23021,American Medical Student Association,Winter GBM #4,02/25/2025 12:00 AM,Student Center Stage Room,$335.00,,1/9/2025 12:38:00 PM
23033,Tokens,Tokens Art Skill Trade,02/25/2025 12:00 AM,Eleanor Roosevelt College Room,$400.00,,1/15/2025 1:05:40 PM
23034,Redeemer’s Grace Church on Campus at UC San Diego,Small Group Show Down,02/25/2025 12:00 AM,Student Center Huerta-Vera Cruz,$58.15,,1/10/2025 10:19:23 AM
23063,Society of Women Engineers (SWE),SWE Winter GBM #3,02/25/2025 12:00 AM,Henry Booker Room,$289.47,,1/13/2025 10:51:17 AM
23085,Society of Cosmetic Chemists at UC San Diego,SCC GBM 3,02/25/2025 12:00 AM,Green Table Room,$203.57,,1/16/2025 11:14:39 PM
23089,Association for Computing Machinery (ACM),ACM Hack x DiamondHacks: Database Fundamentals,02/25/2025 12:00 AM,Jacobs Room 2315,$134.69,,1/17/2025 12:45:58 PM
23094,Undergraduate Bioinformatics Club (UBIC),Eli Lilly Talk,02/25/2025 12:00 AM,Warren College Room,$400.71,,1/17/2025 6:09:30 PM
23099,Society of Asian Scientists and Engineers at UC San Diego,SASE GBM 3,02/25/2025 12:00 AM,Qualcomm Conference Center,$316.79,,1/17/2025 8:01:21 PM
23133,Triton Quantitative Trading,AI Poker Competition Workshop,02/25/2025 12:00 AM,CSE B240,$195.42,,1/24/2025 10:24:02 AM
* 23014,Muslim Tech Collaborative at UC San Diego,MTC Final Social,02/26/2025 12:00 AM,Student Services Center - Multi Purpose Room,$565.35,,1/7/2025 10:33:58 AM
22985,Undergraduate Women in Computing at UC San Diego,Tech Dev Workshop 4,02/26/2025 12:00 AM,Qualcomm Room,$347.49,,1/3/2025 6:48:43 PM
23031,Project in a Box,Winter W8 Project Committee,02/26/2025 12:00 AM,EnVision,$300.00,,1/10/2025 12:04:28 AM
23070,Pre-Medical APAMSA at UC San Diego,Palentine's Day Social,02/26/2025 12:00 AM,Price Center - Bear Room,$314.17,,1/17/2025 8:35:01 AM
23072,Women in Science Society at UC San Diego,Women in Science Society (WSS) Study Jam,02/26/2025 12:00 AM,Price Center - Green Table Room,$222.00,,1/14/2025 7:07:12 PM
23079,Undergraduate Bioinformatics Club (UBIC),Bagels & Books,02/26/2025 12:00 AM,Price Center - Bear Room,$80.78,,1/16/2025 4:18:26 PM
23084,Sigma Eta Pi,GBM #6,02/26/2025 12:00 AM,Otterson Hall 1S114,$407.30,,1/16/2025 10:58:22 PM
23090,Association for Computing Machinery (ACM),Introduction To Monte Carlo Methods,02/26/2025 12:00 AM,Henry Booker Room,$193.95,,1/17/2025 12:48:21 PM
23151,Malaysian Student Association,MYSA Boba Study Jam,02/26/2025 12:00 AM,Price Center Red Shoe Room,$480.00,,1/24/2025 5:28:52 PM
* 23067,Triton Software Engineering,TSE WI25 All Hands 2,02/27/2025 12:00 AM,Dolores Huerta - Philip Vera Cruz Room,$426.42,,1/13/2025 9:43:03 PM
* 23136,Mood Psychology @UC San Diego,Pressure Releasing Event,02/27/2025 12:00 AM,Ballroom West AB,"$1,000.00",,1/24/2025 10:39:01 AM
23009,Undergraduate Economics Society at UC San Diego,UES Case Competition,02/27/2025 12:00 AM,Student Services Center Multipurpose Room,$981.44,,1/5/2025 11:15:23 PM
23039,Computer Science and Engineering Society,Spicy Talk,02/27/2025 12:00 AM,CSE 1202,$509.03,,1/15/2025 11:03:50 PM
23068,Society of Hispanic Students in Law,Headshots with CCM,02/27/2025 12:00 AM,RRC104,$217.59,,1/15/2025 11:55:05 AM
23081,Triton Droids,Technical Seminar,02/27/2025 12:00 AM,Price Center- Bear Room,$311.50,,1/16/2025 6:52:26 PM
23083,Alpha Epsilon Delta Pre-Health Professional Honor Society,AED Winter GBM 4,02/27/2025 12:00 AM,Student Center - Stage Room & Patio,$700.00,,1/16/2025 10:29:22 PM
23091,Association for Computing Machinery (ACM),ACM AI Touches Grass,02/27/2025 12:00 AM,Warren Bear,$134.69,,1/17/2025 12:50:23 PM
* 22960,Student Entrepreneurs Network,Vedant Rao,02/28/2025 12:00 AM,Rady MPR 2,$155.00,,12/14/2024 3:31:59 PM
23061,Pre-Pharmacy Society @ UC San Diego,Experience Fair,02/28/2025 12:00 AM,Price Center Red Shoe Room,$106.93,,2/3/2025 2:36:36 PM
23093,Tau Beta Pi,TBP Winter Research Faculty Panel,02/28/2025 12:00 AM,Qualcomm Conference Center,$209.68,,1/17/2025 4:42:39 PM
23098,Keyboard Club at UC San Diego,Keeb Kafé,02/28/2025 12:00 AM,Bear Room,$292.28,,1/17/2025 7:35:21 PM
23062,Triton XR,HackXR,03/01/2025 12:00 AM,Design and Innovation Building room 208,$486.03,,1/24/2025 6:10:45 PM
23086,Triton Gaming,VR Night at The Loft,03/01/2025 12:00 AM,The Loft,$715.40,,1/18/2025 1:22:32 AM
23119,Sun God Soccer,Sun God Soccer Tournament Week 8,03/01/2025 12:00 AM,MUIR FIELD,$700.00,,1/22/2025 11:41:30 PM
23131,Triton Droids,Robothon,03/01/2025 12:00 AM,Envision Maker Space,$533.52,,1/24/2025 12:20:18 AM
23144,Institute of Electrical and Electronics Engineers (IEEE),IEEE UCSD Outreach Digital Dice Workshop,03/01/2025 12:00 AM,Envision rooms,$198.17,,1/24/2025 3:58:28 PM
23157,Sigma Eta Pi,Picnic & Paint,03/02/2025 12:00 AM,Sun God Lawn,$296.31,,1/24/2025 7:47:45 PM
* 23109,Rotaract Club at UC San Diego,Week 9 GBM,03/03/2025 12:00 AM,ASANTE 123D,$216.58,,1/21/2025 9:48:39 PM
* 23152,Undergraduate Bioinformatics Club (UBIC),Faculty Mixer,03/03/2025 12:00 AM,Price Centre Theatre,$581.50,,1/24/2025 6:06:20 PM
23100,Undergraduate Women in Computing at UC San Diego,ERSP Informational Event and Panel,03/03/2025 12:00 AM,Qualcomm Room,$265.07,,1/17/2025 9:24:19 PM
23102,American Institute of Aeronautics and Astronautics,Winter General Board Meeting #3,03/03/2025 12:00 AM,Price Center Warren College Room,$115.50,,1/17/2025 9:50:29 PM
23104,Pre-Pharmacy Society @ UC San Diego,Officer Mixer,03/03/2025 12:00 AM,Price Center ERC Room,$189.94,,1/24/2025 1:47:11 PM
23114,Engineers Without Borders at UC San Diego,Engineers Without Borders Study Jam,03/03/2025 12:00 AM,Pepper Canyon Hall Level 1 Room 104,$260.00,,1/22/2025 2:40:14 PM
23122,Society of Hispanic Professional Engineers,SHPEtinas Study Jam,03/03/2025 12:00 AM,SAC Equality Room and Kitchen,$167.46,,1/23/2025 3:21:31 PM
23138,Video Game Development Club (VGDC) at UC San Diego,VGDC EOQ Social,03/03/2025 12:00 AM,The Forum (Price Center),$932.50,,1/24/2025 8:17:28 PM
23142,Eta Kappa Nu (HKN),UCSD Tour with Millennial Tech Middle School,03/03/2025 12:00 AM,Sun God Lawn,$158.23,,1/24/2025 3:51:43 PM
23165,Boardgames and Boba @ UC San Diego,Board Game and Boba Game Night Week #9,03/03/2025 12:00 AM,Stage Room & Patio,$615.89,,1/24/2025 11:53:55 PM
* 23107,Triton Baja,Triton BAJA Industry Day,03/04/2025 12:00 AM,Price Center Ballroom AB,$631.35,,1/22/2025 4:32:48 PM
23106,Hindu YUVA,Hindu YUVA GBM,03/04/2025 12:00 AM,The Game Room (Price Center),$600.00,,1/23/2025 11:11:25 PM
23110,Transfers in Science,TiS Study Jam,03/04/2025 12:00 AM,Student Services Center Conference Room 400,$180.00,,1/21/2025 11:17:18 PM
23117,Pre-PA Student Organization (PPASO),PPASO Winter GBM 3,03/04/2025 12:00 AM,Multipurpose Room,$120.00,,1/23/2025 4:10:56 PM
23121,Muslim Tech Collaborative at UC San Diego,MTC Iftar,03/04/2025 12:00 AM,Student Center - Dolores Huerta - Philip Vera Cruz Room,$550.00,,1/23/2025 3:17:54 PM
23132,Triton Quantitative Trading,Weekly AI Poker Competition Workshop,03/04/2025 12:00 AM,CSE B240,$170.00,,1/24/2025 10:31:55 AM
23155,Sustainable Investment Group,Stock Pitch Competition,03/04/2025 12:00 AM,Climate Action Lab,$251.03,,1/24/2025 8:10:27 PM
23161,Saltman Quarterly,SQ Winter GBM + Insider Launch,03/04/2025 12:00 AM,Stage Room,$700.00,,1/24/2025 10:03:00 PM
* 23158,Sigma Eta Pi,Demo Day,03/05/2025 12:00 AM,The Basement,$323.25,,1/24/2025 8:52:02 PM
23032,Project in a Box,Pibby's Birthday,03/05/2025 12:00 AM,EnVision,$300.00,,1/10/2025 12:11:07 AM
23064,Alpha Lambda Mu,ALM Ramadan Iftar 1,03/05/2025 12:00 AM,PC Ballroom East,"$1,165.45",,1/23/2025 5:02:26 PM
23076,Catholic Community - Newman Center Parish,Ash Wednesday Catholic Mass,03/05/2025 12:00 AM,Hojel Auditorium at the Institute of the Americas,$830.00,,1/23/2025 2:09:28 PM
23111,Persian American Student Association,Golsa Rahbari,03/05/2025 12:00 AM,Revelle College Room,$300.00,,1/22/2025 10:53:35 AM
23153,American Institute of Chemical Engineers (AIChE),FamilE Professional Development Workshop,03/05/2025 12:00 AM,SME 248,$137.87,,1/24/2025 6:11:06 PM
23164,Mixed Student Union,IdentiTEA,03/05/2025 12:00 AM,Cross Cultural Center - Art Space,$204.78,,1/24/2025 11:37:44 PM
22947,Public Health Undergraduate Organization at UC San Diego,PHUO Study Jam,03/06/2025 12:00 AM,Eleanor Roosevelt College Room,$387.91,,1/6/2025 4:52:24 PM
23108,Beautiful Mind Project @ UC San Diego,BMP Iftar 1,03/06/2025 12:00 AM,Matthews Quad,"$1,497.73",,1/24/2025 12:01:57 AM
23112,Society of Women Engineers (SWE),Clay Magnet Destress Social,03/06/2025 12:00 AM,Green Table Room,$53.30,,1/22/2025 11:29:51 AM
23123,Pre-PA Student Organization (PPASO),PPASO Winter Study Social 2,03/06/2025 12:00 AM,Warren College Room,$127.29,,1/23/2025 4:33:36 PM
23147,Stationery Club,Zine-making,03/06/2025 12:00 AM,Warren College Room,$369.91,,1/24/2025 4:40:47 PM
23159,Student Involvement Leadership Consultants (SILCs),Crystal Teresa Cortez,03/06/2025 12:00 AM,Library Walk,"$1,634.00",,1/24/2025 9:15:30 PM
* 23118,Redeemer’s Grace Church on Campus at UC San Diego,Doubt Night,03/07/2025 12:00 AM,Student Center Huerta Vera Cruz,$499.93,,1/22/2025 11:51:24 PM
* 23149,Institute of Electrical and Electronics Engineers (IEEE),Level Up: Game Development Workshop,03/07/2025 12:00 AM,Henry Booker Room,$198.54,,1/24/2025 4:58:27 PM
23058,Hands of Hope,Eliane Adnan Azure,03/07/2025 12:00 AM,Green Table Room,$323.25,,1/11/2025 11:05:55 PM
23059,Mitochondria Club at UC San Diego,Mitochondria Club GBM,03/07/2025 12:00 AM,Green Table Room,$195.18,,1/11/2025 11:23:16 PM
23127,Phi Sigma Pi,PSP Big/Little Mixer,03/07/2025 12:00 AM,Student Services Center - Conference Room 300,$82.60,,1/23/2025 9:34:07 PM
23129,Asians & Pacific Islanders for the Arts and Humanities (APIAH),Film Night With APIAH,03/07/2025 12:00 AM,Warren College Room (Price Center),$73.50,,1/23/2025 11:49:18 PM
23134,Multi-Identity Art Collective,MIAC End of Quarter Zine Showcase,03/07/2025 12:00 AM,LGBT Resource Center Family Room,$203.65,,1/24/2025 1:09:22 PM
23140,Health Link,Numaan Formoli,03/07/2025 12:00 AM,Franklin Antonio Hall,$262.81,,1/24/2025 7:06:07 PM
23154,Cheese Club,Build a Charcuterie Board for Two!,03/07/2025 12:00 AM,Price Center Red Shoe Room,$399.30,,1/24/2025 7:13:20 PM
* 23113,Sun God Soccer,Sun God Soccer Tournament Week 9,03/08/2025 12:00 AM,MUIR FIELD,$700.00,,1/22/2025 1:40:36 PM
23105,Frequency,Darius J Picar,03/08/2025 12:00 AM,Multipurpose room SSC,$445.00,,2/19/2025 7:14:31 PM
23124,Room 264 Chamber Music Club,Room 264 End of Quarter Celebration,03/08/2025 12:00 AM,CPMC Room 264,$152.36,,1/23/2025 4:52:04 PM
23137,Cognitive Science Student Association,CSSA Study Jam,03/08/2025 12:00 AM,Price Center Red Shoe Room,$66.45,,1/25/2025 2:15:22 AM
23150,Institute of Electrical and Electronics Engineers (IEEE),IEEE Quarterly Projects Showcase,03/08/2025 12:00 AM,"Henry Booker Room, Jacobs School of Engineering",$639.59,,1/24/2025 5:03:50 PM
* 23130,Role Playing Games Club,Warhammer Day,03/09/2025 12:00 AM,Bear Room,$261.55,,1/24/2025 12:08:45 AM
23167,Society of Civil and Structural Engineers,Srishweta Talasila,03/09/2025 12:00 AM,ASML Conference Room,$397.32,,1/31/2025 4:53:15 PM
* 23141,Political Voices for Change At UC San Diego,Syrian Awareness Event and Iftar,03/10/2025 12:00 AM,Price Center Theater,"$2,208.00",,1/24/2025 3:37:18 PM
23116,Comfort Tone,Comfort Tone Winter Showcase/Open Mic,03/10/2025 12:00 AM,The Stage Room,$475.00,,1/22/2025 8:22:21 PM
23191,Graphite,Graphite Week 10 - Study Jam,03/10/2025 12:00 AM,NSB Auditorium,$166.70,,1/31/2025 10:15:34 PM
23087,Tokens,Tokens Study Jam,03/11/2025 12:00 AM,Red Shoe Room,$202.57,,1/21/2025 3:19:41 PM
23120,Society for Advancement of Chicanos/Hispanics and Native Americans in Science (SACNAS) Chapter at UC San Diego,NDiSTEM Workshop Abstract&Statement Review,03/11/2025 12:00 AM,Raza Resource Centro,$73.69,,1/23/2025 3:00:28 PM
23126,Symphonic Student Association,Chamber Orchestra Reception WI25,03/11/2025 12:00 AM,Mandeville East Room,$441.71,,1/23/2025 9:06:24 PM
23170,Tritones at UC San Diego,Indeera Pujar,03/11/2025 12:00 AM,Price Center Theater,$500.00,,2/26/2025 2:19:22 PM
23178,Alpha Lambda Mu,ALM Ramadan Iftar 2,03/11/2025 12:00 AM,Stage Room & Patio,$700.00,,1/30/2025 10:04:19 AM
23193,Undergraduate Bioinformatics Club (UBIC),Chalk Talk with Abraham Palmer,03/11/2025 12:00 AM,ONLINE,$159.38,,1/31/2025 10:29:35 PM
23073,Ahlul-Bayt Student Association,ABSA Iftaar 1,03/12/2025 12:00 AM,Dolores Huerta - Philip Vera Cruz Room,$799.49,,1/15/2025 3:41:59 PM
23175,Taiwanese American Student Association,TASA Winter Study Jam,03/12/2025 12:00 AM,Red Shoe Room/Bear Room in Price Center,$296.99,,1/28/2025 11:55:46 PM
23185,Engineers Without Borders at UC San Diego,Fogcatcher Paper Final Review Session & Social,03/12/2025 12:00 AM,SSC 300,$180.00,,1/31/2025 4:58:04 PM
* 23186,Stationery Club,Winter Stationery Swap,03/13/2025 12:00 AM,Price Center Warren Room,$78.40,,1/31/2025 7:07:13 PM
* 23187,Shifa Society,Shifa Iftar,03/13/2025 12:00 AM,PC Theater,"$1,192.92",,1/31/2025 6:23:36 PM
23128,Role Playing Games Club,Warhammer Painting Day,03/13/2025 12:00 AM,Bear Room,$500.00,,1/23/2025 11:31:21 PM
23143,Scripps Education Association,Sea Club Board Reveal,03/13/2025 12:00 AM,Vaughn 100,$249.79,,1/24/2025 3:57:40 PM
23171,Afghan Student Association (ASA),Sanam Arianna Sharifi,03/13/2025 12:00 AM,Price Center - Warren College Room,$294.00,,1/27/2025 11:07:35 PM
23184,Triton Minecraft,Triton Minecraft Study Session,03/13/2025 12:00 AM,Red Shoe Room,$157.50,,1/31/2025 3:18:25 PM
23195,Undergraduate Bioinformatics Club (UBIC),Finals Study Social,03/13/2025 12:00 AM,Zweifach Library,$182.80,,1/31/2025 10:38:56 PM
23179,Room 264 Chamber Music Club,Chamber Music Performance Reception,03/14/2025 12:00 AM,CPMC Concert Hall Backstage,$280.69,,1/30/2025 10:45:43 PM
23181,Triton Solar Car,Dirty Birds Social,03/14/2025 12:00 AM,Dirty Birds (DB Campus LLC),$127.75,,1/31/2025 12:11:33 AM
23183,American Institute of Chemical Engineers (AIChE),Winter Finals Study Jam,03/14/2025 12:00 AM,SME 348,$145.89,,1/31/2025 2:35:07 PM
23190,Muslim Student Association,MSA Iftar,03/14/2025 12:00 AM,PC Forum,$596.46,,1/31/2025 6:57:03 PM
* 23166,Daughters of Triton,Daughters of Triton Winter Concert,03/16/2025 12:00 AM,Stage Room and Patio,$400.00,,1/30/2025 7:42:10 PM
23168,Duly Noted,Winter Concert,03/16/2025 12:00 AM,Price Center Theatre,$400.00,,1/27/2025 2:19:59 PM
23172,Engineering World Health,EWH Winter Design Review,03/16/2025 12:00 AM,Price Center- Forum,$296.00,,1/28/2025 12:54:56 AM
23202,Afghan Student Association (ASA),ASA Dinner,03/16/2025 12:00 AM,Price Center - Warren College Room,$300.00,,2/7/2025 5:46:46 PM
23069,Asian American Christian Fellowship,Winter Finals Week Meeting,03/17/2025 12:00 AM,Stage Room and Patio,$470.42,,1/14/2025 2:29:24 PM
* 23188,Shifa Society,Shifa Iftar,03/18/2025 12:00 AM,PC Forum,$797.80,,1/31/2025 6:49:03 PM
23074,Ahlul-Bayt Student Association,ABSA Iftaar 2,03/19/2025 12:00 AM,Dolores Huerta - Philip Vera Cruz Room,$400.00,,1/15/2025 3:46:26 PM
23189,Shifa Society,Shifa Iftar,03/20/2025 12:00 AM,PC Ballroom West B,"$1,192.92",,2/14/2025 4:48:43 PM