ORG_ID,FIN-ID #,ORGANIZATION,NAME OF EVENT,DATE,VENUE,AWARDED,TRANSACTION ID,UPDATED
BRIDGING_THE_GAP_01,* 21698,Bridging the Gap,URiM (Underrepresented in Medicine) Conference,04/20/2024 12:00 AM,UCSD Skaggs School of Pharmacy,"$2,000.00",,1/29/2024 12:15:43 PM
ROLE_PLAYING_GAMES_CLUB_01,* 21710,Role Playing Games Club,RPG Club Spring GBM,04/09/2024 12:00 AM,The Forum at Price Center,$599.95,,2/2/2024 2:44:58 PM
MEMO_AT_UC_SAN_DIEGO_01,* 21757,M.E.M.O. at UC San Diego,2024 M.E.M.O. Awareness Night,04/24/2024 12:00 AM,Multipurpose Room,,,3/8/2024 1:16:22 PM
CATALYST_AT_UC_SAN_DIEGO_01,* 21822,Catalyst at UC San Diego,Careers in Research - Guest Panel,04/23/2024 12:00 AM,Price Center Governance Chambers,,,2/29/2024 7:16:30 PM
ARMENIAN_STU_ASSOC_01,* 21853,Armenian Student Association,Celine,04/20/2024 12:00 AM,Multi Purpose Room,"$1,650.46",,3/1/2024 9:57:13 PM
DEEJAYS_AND_VINYLPHILES_CLUB_01,* 21893,Deejays and Vinylphiles Club,DVC Presents: GIRLS NIGHT,04/19/2024 12:00 AM,Old Student Center Courtyard,$460.00,,3/8/2024 10:01:48 PM
MOVIMIENTO_ESTUDIANTIL_CHICANX_01,* 21913,Movimiento Estudiantil Chicanx por Activismo (MEChA),MEChA de UCSD Labor Rights & Movement Teach In,04/19/2024 12:00 AM,Red Shoe Room,$506.43,,3/8/2024 7:15:32 PM
SPORTS_MEDICINE_ASSOC_AT_UC_SA_01,* 21929,Sports Medicine Association at UC San Diego,Megan Ngo,05/21/2024 12:00 AM,Price Center- Warren College Room,,,3/9/2024 9:49:24 AM
LAUNDRY_LOADS_OF_LOVE_01,* 21945,Laundry Loads Of Love,Laundry Loads of Love GBM,04/26/2024 12:00 AM,Marshall College Room,,,3/13/2024 10:06:17 AM
MUSLIM_STU_ASSOC_01,* 21961,Muslim Student Association,MSA Townhall and Fundraiser,04/25/2024 12:00 AM,Multipurpose Room,"$1,535.92",,3/15/2024 11:31:40 PM
STATIONERY_CLUB_01,* 22052,Stationery Club,Stationery Club Meeting,05/15/2024 12:00 AM,Price Center Rooms,,,4/5/2024 10:21:37 PM
MUSICIANS_CLUB_UC_SAN_DIEGO_01,* 22093,Musicians Club @ UC San Diego,Iconic 2025,05/18/2024 12:00 AM,Price Center East Ballroom,,,4/5/2024 11:50:14 PM
STATIONERY_CLUB_01,* 22131,Stationery Club,Art Journaling,05/22/2024 12:00 AM,The Bear Room,,,4/12/2024 7:54:26 PM
FIGURE_SKATING_UC_SAN_DIEGO_01,* 22473,Figure Skating @ UC San Diego,"University of Denver at Joy Burns Arena, University of Denver",11/01/2024 12:00 AM,"Joy Burns Arena, University of Denver","$2,200.00",,6/27/2024 3:42:16 PM
ETA_KAPPA_NU_HKN_01,21642,Eta Kappa Nu (HKN),HKN Leetcode Workshop,02/29/2024 12:00 AM,Henry Booker Room,$259.00,,1/19/2024 4:50:34 PM
ASSOC_FOR_COMP_MACHINERY_ACM_01,21652,Association for Computing Machinery (ACM),Hack Placeholder,03/04/2024 12:00 AM,Henry Booker Room,$344.80,,1/19/2024 11:15:59 PM
ASSOC_FOR_COMP_MACHINERY_ACM_01,21655,Association for Computing Machinery (ACM),ACM Cafe,03/05/2024 12:00 AM,DIB 208,$591.83,,1/19/2024 11:23:33 PM
ASSOC_FOR_COMP_MACHINERY_ACM_01,21656,Association for Computing Machinery (ACM),Events Staff Placeholder,03/05/2024 12:00 AM,Qualcomm Room,$344.80,,1/19/2024 11:29:40 PM
ASSOC_FOR_COMP_MACHINERY_ACM_01,21657,Association for Computing Machinery (ACM),Study Jam,03/07/2024 12:00 AM,ASML,$349.97,,1/19/2024 11:35:26 PM
ASSOC_FOR_COMP_MACHINERY_ACM_01,21658,Association for Computing Machinery (ACM),Keerthi Event Workshop Placeholder,03/08/2024 12:00 AM,SME ASML Room,$344.00,,1/19/2024 11:39:05 PM
KEYBOARD_CLUB_AT_UC_SAN_DIEGO_01,21661,Keyboard Club at UC San Diego,Studio Keebli: Keyboard Meet Of Your Dreams,04/06/2024 12:00 AM,Price Center West - Ballroom AB + East Ballroom,"$10,371.35",,1/22/2024 4:27:37 PM
AEQUORA_BALLET_COMPANY_01,21665,Aequora Ballet Company,Spring Show 2024 Rehearsal 1,05/12/2024 12:00 AM,Price Center West Ballroom AB,$350.00,,1/27/2024 4:30:36 PM
AEQUORA_BALLET_COMPANY_01,21666,Aequora Ballet Company,Spring Show 2024 Rehearsal 2,05/13/2024 12:00 AM,Price Center West Ballroom AB,$350.00,,1/27/2024 4:31:19 PM
AEQUORA_BALLET_COMPANY_01,21667,Aequora Ballet Company,Spring Show 2024 Rehearsal 3,05/14/2024 12:00 AM,Price Center West Ballroom AB,$350.00,,1/27/2024 4:32:01 PM
AEQUORA_BALLET_COMPANY_01,21668,Aequora Ballet Company,Spring Show 2024,05/19/2024 12:00 AM,Price Center West Ballroom AB,"$1,462.50",,1/27/2024 4:38:38 PM
ASSOC_FOR_COMP_MACHINERY_ACM_01,21687,Association for Computing Machinery (ACM),🌸 Spring Kickoff,04/01/2024 12:00 AM,PC East Ballroom,"$4,498.87",,2/15/2024 2:23:18 PM
TEDXUCSANDIEGO_01,21701,TEDx@UCSanDiego,Spring Salon,04/18/2024 12:00 AM,The Loft,$600.00,,1/29/2024 9:47:24 AM
AMATEUR_RADIO_CLUB_AT_UC_SAN_D_01,21703,Amateur Radio Club at UC San Diego (KK6UC),"Satellites, Space and Radios Workshop",04/01/2024 12:00 AM,Price Center - Revelle College Room,$100.00,,1/29/2024 4:12:02 PM
STU_SUPPORT_SERVICES_CLUB_SSSC_01,21708,Student Support Services Club (SSSC or SSS Club),31st Cultural Celebration & Awards Ceremony,05/16/2024 12:00 AM,Price Center West Ballroom AB,$600.00,,3/5/2024 12:55:20 PM
AMERICAN_INSTITUTE_OF_CHEMICAL_01,21715,American Institute of Chemical Engineers (AIChE),Speed Dating x Mock Interview Workshop,04/03/2024 12:00 AM,SME 248,$342.42,,2/2/2024 11:33:00 PM
AHLULBAYT_STU_ASSOC_01,21724,Ahlul-Bayt Student Association,Ramadan iftar 1,04/04/2024 12:00 AM,Matthews Quad,"$1,981.19",,2/5/2024 11:00:58 AM
PILIPINO_UNDERGRADUATE_SOCIETY_01,21725,Pilipino Undergraduate Society for Health,PUSH Health Summit 2024,04/20/2024 12:00 AM,Price Center - Forum,$320.00,,3/7/2024 9:50:51 PM
BIOMEDICAL_ENG_SOCIETY_BMES_01,21726,Biomedical Engineering Society (BMES),Bioengineering Experience Conference,04/11/2024 12:00 AM,Price Center Forum,$141.77,,2/5/2024 8:58:11 PM
ETA_KAPPA_NU_HKN_01,21729,Eta Kappa Nu (HKN),Meet with Qualcomm,04/04/2024 12:00 AM,Qualcomm Conference Room,$465.00,,2/9/2024 7:16:53 PM
AMERICAN_INSTITUTE_OF_CHEMICAL_01,21730,American Institute of Chemical Engineers (AIChE),Spring Projects Showcase,04/09/2024 12:00 AM,SME 248,$365.27,,2/9/2024 5:02:47 PM
AMERICAN_INSTITUTE_OF_CHEMICAL_01,21731,American Institute of Chemical Engineers (AIChE),Spelling Bee Social,04/11/2024 12:00 AM,Dirty Birds Patio and Stage,$355.58,,2/9/2024 5:27:28 PM
ETA_KAPPA_NU_HKN_01,21732,Eta Kappa Nu (HKN),SP24 Easter Art Social,04/01/2024 12:00 AM,ASML Conference Room,$20.99,,2/9/2024 9:52:30 PM
AMERICAN_MEDICAL_STU_ASSOC_01,21735,American Medical Student Association,Renee Long,04/09/2024 12:00 AM,Price Center - Theater,$587.45,,2/10/2024 1:27:07 PM
PREMEDICAL_APAMSA_AT_UC_SAN_DI_01,21736,Pre-Medical APAMSA at UC San Diego,Jake Tho Tran,04/09/2024 12:00 AM,Red Shoe Room,$350.01,,2/15/2024 2:54:09 PM
AHLULBAYT_STU_ASSOC_01,21737,Ahlul-Bayt Student Association,Eid Al Fitr,04/11/2024 12:00 AM,Dolores Huerta - Philip Vera Cruz Room,$600.00,,2/13/2024 5:18:35 PM
AHLULBAYT_STU_ASSOC_01,21738,Ahlul-Bayt Student Association,Ramadan iftar 2,04/02/2024 12:00 AM,Forum,$598.26,,2/13/2024 5:24:23 PM
BRAIN_EXERCISE_INITIATIVE_THE_01,21740,"Brain Exercise Initiative, The",BEI 2024 Spring Quarter GBM,04/10/2024 12:00 AM,PC West Green Table Room,$148.62,,2/14/2024 8:37:37 AM
BRAIN_EXERCISE_INITIATIVE_THE_01,21741,"Brain Exercise Initiative, The",BEI 2024 Spring Quarter Social,04/18/2024 12:00 AM,PC West Green Table Room,$100.00,,2/14/2024 8:40:56 AM
UNICEF_CLUB_UC_SAN_DIEGO_01,21742,UNICEF Club @ UC San Diego,UNICEF Club Meeting,04/10/2024 12:00 AM,Price Center West- Marshall College Room,$599.63,,2/14/2024 4:34:12 PM
TRITON_ACTUARIAL_SOCIETY_01,21743,Triton Actuarial Society,Spring Quarter GBM,04/01/2024 12:00 AM,APM 6402,$55.00,,2/14/2024 9:16:12 PM
ETA_KAPPA_NU_HKN_01,21745,Eta Kappa Nu (HKN),Arduino RFID Workshop SP24,04/08/2024 12:00 AM,Henry Booker Room,$209.30,,2/15/2024 8:23:04 AM
ETA_KAPPA_NU_HKN_01,21746,Eta Kappa Nu (HKN),3D generative modelling,04/09/2024 12:00 AM,CSE 4140,$185.09,,2/15/2024 8:26:50 AM
ASSOC_FOR_COMP_MACHINERY_ACM_01,21747,Association for Computing Machinery (ACM),Resume Review,04/02/2024 12:00 AM,Qualcomm Room,$599.95,,2/15/2024 2:29:44 PM
WOMEN_IN_BUSINESS_01,21748,Women in Business,Spring Recruitment Marketing Supplies,04/01/2024 12:00 AM,Rady School of Management,$102.14,,2/17/2024 9:00:35 PM
MUSLIM_STU_ASSOC_01,21749,Muslim Student Association,Ramadan Iftar,04/02/2024 12:00 AM,"Dolores Huerta, Student Center","$1,017.55",,2/15/2024 8:54:53 PM
TRITON_SOFTWARE_ENG_01,21750,Triton Software Engineering,TSE SP24 All Hands 1,04/18/2024 12:00 AM,Dolores Huerta - Philip Vera Cruz Room,$427.58,,2/16/2024 1:49:59 PM
MUSLIM_STU_ASSOC_01,21751,Muslim Student Association,Ramadan Iftar,04/01/2024 12:00 AM,Matthews Quad,"$1,017.55",,2/16/2024 2:58:50 PM
DELTA_GAMMA_01,21752,Delta Gamma,Delta Gamma Anchor Splash 2024,04/06/2024 12:00 AM,Canyonview Pool,"$3,394.29",,2/16/2024 7:27:10 PM
VIDEO_GAME_DEVELOPMENT_CLUB_VG_01,21754,Video Game Development Club (VGDC) at UC San Diego,Spring GBM,04/09/2024 12:00 AM,CSE 1202,$479.49,,2/16/2024 9:22:05 PM
AMERICAN_INSTITUTE_OF_CHEMICAL_01,21755,American Institute of Chemical Engineers (AIChE),Spring General Board Meeting,04/17/2024 12:00 AM,SME 248,$450.40,,2/16/2024 10:24:26 PM
ECOLOGY_BEHAVIOR_AND_EVOLUTION_01,21756,"Ecology, Behavior and Evolution Club at UC San Diego",EBE Community Mixer,05/02/2024 12:00 AM,Price Center Forum,$599.63,,2/18/2024 6:25:26 PM
BIOMEDICAL_ENG_SOCIETY_BMES_01,21760,Biomedical Engineering Society (BMES),Spring Quarter GBM #1,04/09/2024 12:00 AM,Fung Auditorium,$600.00,,2/23/2024 9:58:18 PM
VIETNAMESE_STU_ASSOC_01,21762,Vietnamese Student Association,Vietnamese Culture Night,04/20/2024 12:00 AM,Mandeville Center,"$4,500.00",,2/22/2024 11:11:56 AM
ETA_KAPPA_NU_HKN_01,21763,Eta Kappa Nu (HKN),Army and Navy Academy On-Campus Tour,04/11/2024 12:00 AM,Warren Mall,$260.52,,2/22/2024 10:00:50 AM
UNDERGRADUATE_MDPHD_SOCIETY_UM_01,21766,Undergraduate MD-PhD Society (UMPS) at UC San Diego,UMPS,04/04/2024 12:00 AM,Elenor Roosevelt Collage Room,$348.00,,2/22/2024 1:05:42 PM
ALPHA_EPSILON_DELTA_PREHEALTH__01,21767,Alpha Epsilon Delta Pre-Health Professional Honor Society,AED Spring 24 GBM 1,04/17/2024 12:00 AM,Price Center West - Theater,$600.00,,2/22/2024 5:11:45 PM
NANOENG_AND_TECHNOLOGY_SOCIETY_01,21768,NanoEngineering and Technology Society,NETS Spring Quarter GBM,04/02/2024 12:00 AM,SME 248,$399.97,,2/22/2024 5:35:56 PM
MULTICULTURAL_GREEK_COUNCIL_01,21769,Multicultural Greek Council,MGC Spring Informational Night 2024,04/03/2024 12:00 AM,Multi-Purpose Room in the Student Services Center,"$1,149.39",,2/22/2024 5:47:49 PM
INSTITUTE_OF_ELECTRICAL_AND_EL_01,21771,Institute of Electrical and Electronics Engineers,Spring GBM 24',04/09/2024 12:00 AM,Qualcomm Conference Center,$592.84,,2/22/2024 8:33:44 PM
NANOENG_AND_TECHNOLOGY_SOCIETY_01,21772,NanoEngineering and Technology Society,NETS Spring GBM,04/02/2024 12:00 AM,SME 248,$299.98,,2/22/2024 8:36:37 PM
INSTITUTE_OF_ELECTRICAL_AND_EL_02,21775,Institute of Electrical and Electronics Engineers (IEEE),IEEE and SASE Technical Event,04/04/2024 12:00 AM,Henry Booker Room,$320.02,,2/23/2024 11:05:33 PM
ETA_KAPPA_NU_HKN_01,21776,Eta Kappa Nu (HKN),Sp24 Induction Ceremony,04/21/2024 12:00 AM,Henry Booker Room,$599.25,,2/23/2024 12:00:46 PM
UNDERGRADUATE_WOMEN_IN_COMP_AT_01,21777,Undergraduate Women in Computing at UC San Diego,Spring GBM #2: WIC x GradWIC Mixer,05/02/2024 12:00 AM,Qualcomm Room,$599.95,,2/23/2024 1:36:00 PM
UNDERGRADUATE_WOMEN_IN_COMP_AT_01,21778,Undergraduate Women in Computing at UC San Diego,Boba and Board Games,04/08/2024 12:00 AM,ASML Room,$121.87,,2/23/2024 1:43:55 PM
UNDERGRADUATE_WOMEN_IN_COMP_AT_01,21779,Undergraduate Women in Computing at UC San Diego,Study Jam,04/29/2024 12:00 AM,ASML Room,$268.98,,2/23/2024 1:51:11 PM
UNDERGRADUATE_WOMEN_IN_COMP_AT_01,21780,Undergraduate Women in Computing at UC San Diego,Spring GBM #1: WIC Alumni Panel,04/12/2024 12:00 AM,Qualcomm Room,$599.42,,2/23/2024 2:05:43 PM
UNDERGRADUATE_WOMEN_IN_COMP_AT_01,21781,Undergraduate Women in Computing at UC San Diego,Project Teams Kickoff,04/08/2024 12:00 AM,ASML Room,$323.91,,2/23/2024 2:22:46 PM
UNDERGRADUATE_WOMEN_IN_COMP_AT_01,21782,Undergraduate Women in Computing at UC San Diego,Project Teams Meetup 2,04/22/2024 12:00 AM,ASML Room,$323.91,,2/23/2024 2:34:38 PM
UNDERGRADUATE_WOMEN_IN_COMP_AT_01,21783,Undergraduate Women in Computing at UC San Diego,Project Teams Meetup 3,05/06/2024 12:00 AM,ASML Room,$323.91,,4/22/2024 4:46:20 PM
UNDERGRADUATE_WOMEN_IN_COMP_AT_01,21784,Undergraduate Women in Computing at UC San Diego,Project Teams Meetup 4,05/20/2024 12:00 AM,Qualcomm Room,$323.91,,2/23/2024 2:45:41 PM
UNDERGRADUATE_WOMEN_IN_COMP_AT_01,21785,Undergraduate Women in Computing at UC San Diego,Figma Workshop,04/04/2024 12:00 AM,ASML Room,$150.00,,2/23/2024 2:51:38 PM
UNDERGRADUATE_WOMEN_IN_COMP_AT_01,21786,Undergraduate Women in Computing at UC San Diego,WIC Goes Global,04/11/2024 12:00 AM,ASML Room,$100.00,,2/23/2024 2:58:11 PM
STUS_FOR_THE_EXPLORATION_AND_D_01,21787,Students for the Exploration and Development of Space,SEDS Welcome Back SP24,04/05/2024 12:00 AM,Red Shoe Room - PC,$264.87,,2/23/2024 5:00:25 PM
MIXED_STU_UNION_01,21788,Mixed Student Union,Johel Tutak,04/03/2024 12:00 AM,Cross Cultural Center-Art Space,$296.31,,2/23/2024 5:38:12 PM
PROJECT_IN_A_BOX_01,21789,Project in a Box,Spring GBM,04/03/2024 12:00 AM,EnVision,$350.00,,2/23/2024 7:44:02 PM
PRODUCT_SPACE_AT_UC_SAN_DIEGO_01,21791,Product Space at UC San Diego,Product Space Exploratory Event,04/18/2024 12:00 AM,"Design & Innovation Building, 2nd Floor (Room 208)",$366.35,,2/23/2024 10:43:55 PM
AMERICAN_INSTITUTE_OF_CHEMICAL_01,21792,American Institute of Chemical Engineers (AIChE),Alumni Q&A Mixer,04/22/2024 12:00 AM,SME 248,$196.64,,2/23/2024 10:57:33 PM
ETA_KAPPA_NU_HKN_01,21794,Eta Kappa Nu (HKN),Intro to Rocketry Workshop,04/16/2024 12:00 AM,Henry Booker Room,$206.75,,2/23/2024 11:23:48 PM
ASSOC_FOR_COMP_MACHINERY_ACM_01,21796,Association for Computing Machinery (ACM),ACM General Social,04/05/2024 12:00 AM,asml,"$1,996.39",,2/23/2024 11:32:10 PM
ASSOC_FOR_COMP_MACHINERY_ACM_01,21797,Association for Computing Machinery (ACM),Hack Placeholder,04/08/2024 12:00 AM,SME ASML Room,$499.96,,2/23/2024 11:33:19 PM
ASSOC_FOR_COMP_MACHINERY_ACM_01,21798,Association for Computing Machinery (ACM),Board info session,04/03/2024 12:00 AM,qualcomm,$559.22,,2/23/2024 11:33:25 PM
ASSOC_FOR_COMP_MACHINERY_ACM_01,21799,Association for Computing Machinery (ACM),ACM AI Workshop #1,04/10/2024 12:00 AM,SME ASML Room,$511.81,,2/23/2024 11:37:24 PM
ASSOC_FOR_COMP_MACHINERY_ACM_01,21800,Association for Computing Machinery (ACM),Winter Projects Showcase,04/11/2024 12:00 AM,asml,$599.95,,2/23/2024 11:37:52 PM
SAUDI_STUS_ASSOC_UC_SAN_DIEGO_01,21802,Saudi Students Association @ UC San Diego,SSA Iftar,04/04/2024 12:00 AM,Price center ballroom east,$597.00,,2/23/2024 11:50:45 PM
GENUP_COLLEGIATE_AT_UC_SAN_DIE_01,21803,GENup Collegiate at UC San Diego,Sexual Violence and Sexual Harassment Prevention Fair,04/09/2024 12:00 AM,Sun God Lawn,"$1,605.59",,2/23/2024 11:52:59 PM
PROJECT_IN_A_BOX_01,21805,Project in a Box,PiB Project Committee Week 2,04/10/2024 12:00 AM,EnVision,$349.11,,2/25/2024 2:40:31 PM
PROJECT_IN_A_BOX_01,21806,Project in a Box,PiB Project Committee Week 3,04/17/2024 12:00 AM,EnVision,$349.11,,2/25/2024 2:41:37 PM
PROJECT_IN_A_BOX_01,21807,Project in a Box,PiB Project Committee Week 4,04/24/2024 12:00 AM,EnVision,$349.11,,2/25/2024 2:42:39 PM
PROJECT_IN_A_BOX_01,21808,Project in a Box,PiB Project Committee Week 5,05/01/2024 12:00 AM,EnVision,$349.11,,2/25/2024 2:43:37 PM
PHI_BETA_LAMBDA_AT_UC_SAN_DIEG_01,21809,Phi Beta Lambda at UC San Diego,Spring Recruitment Marketing Supplies,04/15/2024 12:00 AM,Student Center,$190.00,,2/25/2024 11:53:45 PM
UNDERGRADUATE_BIOINFORMATICS_C_01,21812,Undergraduate Bioinformatics Club (UBIC),Mentor-Mentee Mini Journal Club,04/09/2024 12:00 AM,PFBH Zweifach Library,$225.75,,2/27/2024 11:10:18 AM
UNDERGRADUATE_BIOINFORMATICS_C_01,21813,Undergraduate Bioinformatics Club (UBIC),Build a Bag for Seniors,04/10/2024 12:00 AM,Green Table Room,$201.50,,2/27/2024 11:13:46 AM
ALPHA_LAMBDA_MU_01,21814,Alpha Lambda Mu,ALM Ramadan Iftar,04/08/2024 12:00 AM,The Forum,"$1,165.45",,3/1/2024 3:51:02 PM
BOARDGAMES_AND_BOBA_UC_SAN_DIE_01,21815,Boardgames and Boba @ UC San Diego,Spring Week 2 Game Night,04/07/2024 12:00 AM,Price Center - Ballroom East,$597.20,,2/28/2024 2:37:41 PM
BIOLOGICAL_SCIS_STU_ASSOC_01,21816,Biological Sciences Student Association,Earth Day,04/22/2024 12:00 AM,Bonner Hall 2130/2140,$300.95,,2/28/2024 4:23:49 PM
PHI_DELTA_THETA_01,21817,Phi Delta Theta,Dirty Birds Rush,04/09/2024 12:00 AM,Dirty Birds,$539.98,,2/28/2024 6:25:00 PM
CARE2SHARE_AT_UC_SAN_DIEGO_01,21818,Care2Share at UC San Diego,Care2Share Spring GBM 1,04/10/2024 12:00 AM,Price Center Warren College Room,$324.97,,2/29/2024 11:20:01 AM
INSTITUTE_OF_ELECTRICAL_AND_EL_02,21821,Institute of Electrical and Electronics Engineers (IEEE),ECE Day Professional Headshots,04/12/2024 12:00 AM,Warren Mall,$114.20,,2/29/2024 7:05:51 PM
SOCIETY_OF_HISPANIC_STUS_IN_LA_01,21823,Society of Hispanic Students in Law,SOHIL EBOARD MEETING AND. STUDY JAM,04/11/2024 12:00 AM,Raza Centro Space PPCH #104,$349.97,,2/29/2024 7:44:46 PM
PHI_SIGMA_PI_01,21824,Phi Sigma Pi,PSP SP24 Rush Day 1,04/08/2024 12:00 AM,Eleanor Roosevelt College Room,$142.47,,2/29/2024 7:51:58 PM
SANGAMSD_01,21825,SangamSD,Rishi Apex Shah,04/07/2024 12:00 AM,East Lawn,"$1,350.00",,2/29/2024 9:59:15 PM
ALPHA_KAPPA_PSI_01,21827,Alpha Kappa Psi,Alexia Francisco,04/08/2024 12:00 AM,Library Walk,$200.00,,2/29/2024 9:55:07 PM
INSTITUTE_OF_ELECTRICAL_AND_EL_02,21828,Institute of Electrical and Electronics Engineers (IEEE),Hard Hack,04/13/2024 12:00 AM,EBU1-2315 in Jacobs Hall,$574.65,,2/29/2024 11:06:56 PM
ETA_KAPPA_NU_HKN_01,21830,Eta Kappa Nu (HKN),Hard Hack 2024 Day 1 Lunch,04/13/2024 12:00 AM,Qualcomm Conference Center,"$1,961.05",,2/29/2024 11:34:52 PM
ETA_KAPPA_NU_HKN_01,21833,Eta Kappa Nu (HKN),Hard Hack 2024 Day 2 Breakfast,04/14/2024 12:00 AM,JSOE Room 2315,$509.93,,2/29/2024 11:48:26 PM
NANOENG_AND_TECHNOLOGY_SOCIETY_01,21837,NanoEngineering and Technology Society,Sarine Krikorian,04/08/2024 12:00 AM,Price Center - Marshall College Room,$338.09,,3/1/2024 11:00:19 AM
NANOENG_AND_TECHNOLOGY_SOCIETY_01,21838,NanoEngineering and Technology Society,NETS Spring Welcome Back,04/08/2024 12:00 AM,Price Center - Marshall College Room,$338.09,,3/1/2024 11:07:08 AM
BIOLOGICAL_SCIS_STU_ASSOC_01,21839,Biological Sciences Student Association,BSSA's LinkedIn Workshop,04/08/2024 12:00 AM,Price Center Bear Room,$65.64,,3/1/2024 1:54:08 PM
YONDER_DEEP_01,21840,Yonder Deep,Yonder Deep Board Game Social,04/12/2024 12:00 AM,FAH 1102,$349.11,,3/1/2024 4:06:47 PM
MIXED_STU_UNION_01,21841,Mixed Student Union,Cultural Beverage Night,04/10/2024 12:00 AM,Cross-Cultural Center - Art Space,$155.02,,3/1/2024 11:51:02 PM
TRITON_NEUROTECH_01,21843,Triton NeuroTech,Triton NeuroTech Spring General Body Meeting,04/12/2024 12:00 AM,ECE Classroom 2315,$357.24,,3/1/2024 6:39:12 PM
AMERICAN_MEDICAL_STU_ASSOC_01,21844,American Medical Student Association,Renee Long,04/23/2024 12:00 AM,Price Center - Theater,$587.45,,3/1/2024 6:52:27 PM
TRITON_NEUROTECH_01,21845,Triton NeuroTech,Triton NeuroTech Academy Spring Lession Session 1,04/10/2024 12:00 AM,Henry Booker,$223.32,,3/1/2024 7:12:24 PM
AMERICAN_MEDICAL_STU_ASSOC_01,21846,American Medical Student Association,Renee Long,05/07/2024 12:00 AM,Price Center - Theater,$587.45,,3/1/2024 6:59:08 PM
INSTITUTE_OF_ELECTRICAL_AND_EL_02,21847,Institute of Electrical and Electronics Engineers (IEEE),Server Hack Explanation,04/10/2024 12:00 AM,Henry Booker Room,$71.04,,3/1/2024 7:00:38 PM
ETA_KAPPA_NU_HKN_01,21848,Eta Kappa Nu (HKN),CSE and ECE Mock Interview,04/26/2024 12:00 AM,Qualcomm Conference Room,$121.25,,3/1/2024 10:31:30 PM
ECE_EVENT_COLLABORATION_BOARD_01,21850,ECE Event Collaboration Board,ECE Day Trivia Night,04/12/2024 12:00 AM,"Henry Booker Room, Jacobs Hall, EBU1",$600.00,,3/1/2024 7:12:03 PM
ARMENIAN_STU_ASSOC_01,21852,Armenian Student Association,Yeva Kirakosyan,04/15/2024 12:00 AM,Library Walk,$237.25,,3/1/2024 7:48:07 PM
AMERICAN_INSTITUTE_OF_CHEMICAL_01,21854,American Institute of Chemical Engineers (AIChE),Jewelry Making Social,05/01/2024 12:00 AM,SME 248,$180.59,,3/1/2024 8:42:41 PM
INTERNATIONAL_WOMENS_HEALTH_OR_01,21855,International Women's Health Organization (IWHO),Armenian Bazaar,04/15/2024 12:00 AM,Library Walk 1981,$252.00,,3/1/2024 9:30:28 PM
ENVISIONARIES_UC_SAN_DIEGO_01,21856,Envisionaries @ UC San Diego,Design Kickoff Competition,04/12/2024 12:00 AM,SME 304 and 306,$350.00,,3/1/2024 10:09:56 PM
HINDU_YUVA_01,21857,Hindu YUVA,Hindu New Years (Ugadi),04/17/2024 12:00 AM,Price Center - Ballroom | West B,"$2,000.00",,3/6/2024 8:17:05 PM
PHI_SIGMA_PI_01,21858,Phi Sigma Pi,PSP SP24 Rush Day 2,04/09/2024 12:00 AM,Price Center - Eleanor Roosevelt College Room,$52.93,,3/1/2024 11:01:20 PM
ASSOC_FOR_COMP_MACHINERY_ACM_01,21859,Association for Computing Machinery (ACM),Lockpicking 101,04/12/2024 12:00 AM,ASML,$350.00,,3/1/2024 11:06:03 PM
ASSOC_FOR_COMP_MACHINERY_ACM_01,21860,Association for Computing Machinery (ACM),Bit Byte Picnic,04/10/2024 12:00 AM,Sun god lawn,$600.00,,3/1/2024 11:13:56 PM
ASSOC_FOR_COMP_MACHINERY_ACM_01,21861,Association for Computing Machinery (ACM),Diamondhacks 2024 Workshop #10,04/07/2024 12:00 AM,CSE 1202,$600.00,,3/1/2024 11:31:52 PM
ENVISIONARIES_UC_SAN_DIEGO_01,21868,Envisionaries @ UC San Diego,Spring GBM,04/08/2024 12:00 AM,SME 302,$350.00,,3/1/2024 11:44:30 PM
TRITON_QUANTITATIVE_TRADING_01,21869,Triton Quantitative Trading,Quant Finance Models,04/24/2024 12:00 AM,CSE 1202,$598.01,,3/2/2024 12:41:34 AM
HEALTH_AND_MEDICAL_PROFESSIONS_01,21870,Health and Medical Professions Preparation Program (HMP3),HMP3 Service Fair,04/24/2024 12:00 AM,Dolores-Huerta Vera Cruz Room,$268.49,,3/3/2024 7:08:35 PM
UNICEF_CLUB_UC_SAN_DIEGO_01,21872,UNICEF Club @ UC San Diego,UNICEF Club Picnic Social,04/20/2024 12:00 AM,Sun God Lawn,$599.92,,3/4/2024 11:40:07 PM
PREMEDICAL_APAMSA_AT_UC_SAN_DI_01,21873,Pre-Medical APAMSA at UC San Diego,Exploring Different Health Careers,04/29/2024 12:00 AM,Price Center - Bear Room,$342.87,,3/2/2024 7:45:38 PM
ARTSPARK_01,21874,ArtSpark,Guest Speaker Workshop,05/17/2024 12:00 AM,Bear Room,$220.12,,4/3/2024 6:58:28 PM
ASSOC_FOR_COMP_MACHINERY_ACM_01,21876,Association for Computing Machinery (ACM),Calvin Nguyen,04/15/2024 12:00 AM,Jacobs Room 2315,$312.48,,3/4/2024 3:47:08 PM
ASSOC_FOR_COMP_MACHINERY_ACM_01,21877,Association for Computing Machinery (ACM),ACM HACK placeholder Week 3,04/15/2024 12:00 AM,Qualcomm Room,$349.97,,3/4/2024 4:03:43 PM
ASSOC_FOR_COMP_MACHINERY_ACM_01,21878,Association for Computing Machinery (ACM),ACM AI Graduate School Panel,04/22/2024 12:00 AM,Qualcomm Room,$499.96,,3/4/2024 4:07:18 PM
MIXED_STU_UNION_01,21879,Mixed Student Union,Mixed Dating,04/17/2024 12:00 AM,LGBTQ Resource Center,$85.11,,3/8/2024 12:01:02 PM
MIDDLE_EASTERN_NORTH_AFRICAN_S_01,21880,Middle Eastern & North African Student Association,Danya Yassine,04/18/2024 12:00 AM,East PC Ballroom,"$1,988.08",,3/5/2024 11:59:48 AM
MUSIC_AND_MEMORY_AT_UC_SAN_DIE_01,21881,Music and Memory at UC San Diego,Music and Memory Spring GBM #1,04/17/2024 12:00 AM,Price Center - Warren College Room,$341.46,,3/5/2024 11:52:56 PM
UNDERGRADUATE_BIOINFORMATICS_C_01,21882,Undergraduate Bioinformatics Club (UBIC),Illumina Alumni Panel,04/16/2024 12:00 AM,Price Center Forum,$361.57,,3/6/2024 2:54:00 PM
UNDERGRADUATE_BIOINFORMATICS_C_01,21883,Undergraduate Bioinformatics Club (UBIC),Trivia Night,04/18/2024 12:00 AM,Red Shoe Room,$183.60,,3/6/2024 5:10:22 PM
MUSICIANS_CLUB_UC_SAN_DIEGO_01,21884,Musicians Club @ UC San Diego,Musicians’ Club Concert Series: The Arkangels,04/15/2024 12:00 AM,Price Center East Ballroom,"$1,278.17",,3/6/2024 5:05:41 PM
NEW_LIFE_STU_MINISTRY_01,21885,New Life Student Ministry,Interministry Praise and Prayer,05/20/2024 12:00 AM,The Jeannie,$350.00,,3/6/2024 3:47:52 PM
UNDERGRADUATE_MDPHD_SOCIETY_UM_01,21886,Undergraduate MD-PhD Society (UMPS) at UC San Diego,Getting Ready for Gradschool,04/18/2024 12:00 AM,Elenor Roosevelt,$350.00,,3/6/2024 6:59:20 PM
PREPHARMACY_SOCIETY_UC_SAN_DIE_01,21887,Pre-Pharmacy Society @ UC San Diego,Pharmacy Tech GBM,04/16/2024 12:00 AM,Price Center ERC Room,$38.92,,3/6/2024 9:14:05 PM
PUBLIC_HEALTH_UNDERGRADUATE_OR_01,21888,Public Health Undergraduate Organization at UC San Diego,Careers in Public Health - Part 2,04/18/2024 12:00 AM,Marshall College Room,$79.69,,3/6/2024 9:02:34 PM
PREPHARMACY_SOCIETY_UC_SAN_DIE_01,21889,Pre-Pharmacy Society @ UC San Diego,Pharmacy Careers Mixer,04/30/2024 12:00 AM,Price Center ERC Room,$592.63,,3/6/2024 9:37:19 PM
PERSIAN_AMERICAN_STU_ASSOC_01,21890,Persian American Student Association,PASA GBM Game Night,04/18/2024 12:00 AM,Price Center- Eleanor Roosevelt College Room,$100.00,,3/7/2024 2:52:04 PM
MALAYSIAN_STU_ASSOC_01,21891,Malaysian Student Association,MYSA Spring GBM 1,04/15/2024 12:00 AM,Price Center Bear Room,$349.86,,3/8/2024 3:46:20 PM
TAIWANESE_AMERICAN_STU_ASSOC_01,21894,Taiwanese American Student Association,TASA Movie Night,05/14/2024 12:00 AM,Price Center - Eleanor Roosevelt College Room,$207.30,,4/1/2024 1:19:28 PM
DEEJAYS_AND_VINYLPHILES_CLUB_01,21895,Deejays and Vinylphiles Club,DVC Presents: W4 Courtyard Night #3,04/26/2024 12:00 AM,Old Student Center Courtyard,$325.00,,3/15/2024 11:44:13 PM
THE_NONTRADITIONAL_STUS_ASSOC_01,21896,The Non-Traditional Students Association,NTSA General Body Meeting,04/19/2024 12:00 AM,Red Shoe Room,$328.48,,3/7/2024 8:57:46 PM
SANGAMSD_01,21897,SangamSD,SangamSD Culture Show 2024,04/27/2024 12:00 AM,Mandeville,"$4,500.00",,3/7/2024 10:12:04 PM
SOCIETY_OF_HISPANIC_STUS_IN_LA_01,21898,Society of Hispanic Students in Law,La Familia and SOHIL Collab,04/18/2024 12:00 AM,Raza Centro Space PPCH #104,$333.75,,3/7/2024 10:23:47 PM
NANOENG_AND_TECHNOLOGY_SOCIETY_01,21899,NanoEngineering and Technology Society,NETS Coffee Talk,04/16/2024 12:00 AM,SME 348,$91.46,,3/8/2024 9:52:51 AM
SOCIETY_OF_ASIAN_SCIENTISTS_AN_01,21900,Society of Asian Scientists and Engineers at UC San Diego,SASE Mentor-Mentee: Personal Finance Workshop,04/18/2024 12:00 AM,Warren College Room,$350.00,,3/8/2024 12:55:19 PM
UNDERGRADUATE_WOMEN_IN_COMP_AT_01,21901,Undergraduate Women in Computing at UC San Diego,Mentorship MAYhem,05/13/2024 12:00 AM,ASML Room in SME Building,$350.00,,3/8/2024 1:03:47 PM
SIGMA_ETA_PI_01,21903,Sigma Eta Pi,SEP Meet the org/info night,04/15/2024 12:00 AM,Wells Fargo hall,$537.67,,3/8/2024 4:14:03 PM
STUS_FOR_JUSTICE_IN_PALESTINE_01,21904,Students for Justice in Palestine,Tatreez Night,04/22/2024 12:00 AM,West Ballroom A,$594.59,,3/8/2024 4:16:28 PM
ASSOC_FOR_COMP_MACHINERY_ACM_01,21905,Association for Computing Machinery (ACM),Basics of Game Design,04/16/2024 12:00 AM,Qualcomm Room,$350.00,,3/8/2024 4:49:23 PM
ASSOC_FOR_COMP_MACHINERY_ACM_01,21906,Association for Computing Machinery (ACM),Getting into the Tech Industry: A Look Forward and Back,04/17/2024 12:00 AM,Qualcomm Room,$350.00,,3/8/2024 4:52:34 PM
HEALTH_LINK_01,21907,Health Link,Ailana Nurgaliyeva,04/16/2024 12:00 AM,Rady School of Management Multipurpose Room 2,$480.88,,3/8/2024 5:04:01 PM
ASSOC_FOR_COMP_MACHINERY_ACM_01,21908,Association for Computing Machinery (ACM),ACM AI Social #1,04/17/2024 12:00 AM,Qualcomm Room,$600.00,,3/8/2024 5:15:33 PM
ASSOC_FOR_COMP_MACHINERY_ACM_01,21909,Association for Computing Machinery (ACM),D3f4ult Predator - Storytime with Cyber,04/18/2024 12:00 AM,Henry Booker Room,$350.00,,3/8/2024 5:27:50 PM
ASSOC_FOR_COMP_MACHINERY_ACM_01,21911,Association for Computing Machinery (ACM),ACM Eats Dirt,04/19/2024 12:00 AM,ASML,$600.00,,3/8/2024 5:34:19 PM
TRITON_NEUROTECH_01,21912,Triton NeuroTech,All Project Workday,04/20/2024 12:00 AM,Henry Booker Conference Room,$334.38,,3/8/2024 6:05:16 PM
INSTITUTE_OF_ELECTRICAL_AND_EL_02,21914,Institute of Electrical and Electronics Engineers (IEEE),4/14 RoboCup Competition Preparation,04/14/2024 12:00 AM,ECE Multipurpose Room,$328.64,,3/8/2024 7:39:56 PM
INSTITUTE_OF_ELECTRICAL_AND_EL_01,21915,Institute of Electrical and Electronics Engineers,Game room Social!,04/16/2024 12:00 AM,Price center - game room,$206.10,,3/8/2024 7:49:56 PM
INSTITUTE_OF_ELECTRICAL_AND_EL_02,21916,Institute of Electrical and Electronics Engineers (IEEE),Single Board Cluster Competition Day 2,04/19/2024 12:00 AM,San Diego Supercomputer Center Auditorium,$244.27,,3/8/2024 8:04:52 PM
INSTITUTE_OF_ELECTRICAL_AND_EL_02,21917,Institute of Electrical and Electronics Engineers (IEEE),Single Board Cluster Competition Day 2,04/20/2024 12:00 AM,San Diego Supercomputer Center Auditorium,$244.27,,3/8/2024 8:07:55 PM
VIDEO_GAME_DEVELOPMENT_CLUB_VG_01,21919,Video Game Development Club (VGDC) at UC San Diego,Triton-Ware Project Showcase,04/30/2024 12:00 AM,"Red Shoe Room, Price Center",$146.76,,3/8/2024 10:53:40 PM
INSTITUTE_OF_ELECTRICAL_AND_EL_02,21921,Institute of Electrical and Electronics Engineers (IEEE),Single Board Cluster Competition Day 1,04/19/2024 12:00 AM,San Diego Supercomputer Center Auditorium,$296.31,,3/8/2024 8:28:42 PM
AMERICAN_INSTITUTE_OF_CHEMICAL_01,21923,American Institute of Chemical Engineers (AIChE),How to Apply to Grad School,05/07/2024 12:00 AM,SME 248,$195.67,,3/8/2024 10:54:57 PM
BOARDGAMES_AND_BOBA_UC_SAN_DIE_01,21924,Boardgames and Boba @ UC San Diego,Spring Week 4 Game Night,04/22/2024 12:00 AM,Price Center - Forum,$597.20,,3/8/2024 11:20:06 PM
ETA_KAPPA_NU_HKN_01,21925,Eta Kappa Nu (HKN),HKN Company Panel,05/03/2024 12:00 AM,ASML Conference Room,$517.20,,3/8/2024 11:16:53 PM
AMERICAN_INSTITUTE_OF_CHEMICAL_01,21927,American Institute of Chemical Engineers (AIChE),Python Boot Camp,05/11/2024 12:00 AM,SME 248,$129.98,,3/8/2024 11:35:50 PM
SPORTS_MEDICINE_ASSOC_AT_UC_SA_01,21928,Sports Medicine Association at UC San Diego,Megan Ngo,04/23/2024 12:00 AM,Price Center- Warren College Room,$216.58,,3/9/2024 9:29:52 AM
SPORTS_MEDICINE_ASSOC_AT_UC_SA_01,21930,Sports Medicine Association at UC San Diego,Megan Ngo,05/06/2024 12:00 AM,Price Center- Warren College Room,$244.27,,3/9/2024 3:06:10 PM
CHEESE_CLUB_01,21932,Cheese Club,A Grate Day to be Lactose Friendly!,04/22/2024 12:00 AM,Student Center courtyard,$415.77,,3/10/2024 11:06:06 PM
GRAPHITE_02,21933,graphite,week 4 gbm,04/23/2024 12:00 AM,NSB Auditorium,$383.97,,3/11/2024 11:39:34 AM
GRAPHITE_02,21934,graphite,week 5 gbm,04/30/2024 12:00 AM,NSB Atrium,$377.13,,3/11/2024 11:52:45 AM
GRAPHITE_01,21935,Graphite,week 6 gbm,05/07/2024 12:00 AM,NSB Auditorium,$393.29,,3/11/2024 12:09:23 PM
GRAPHITE_01,21936,Graphite,week 8 gbm,05/21/2024 12:00 AM,NSB Auditorium,$377.13,,3/11/2024 12:27:52 PM
GRAPHITE_01,21937,Graphite,week 9 gbm,05/28/2024 12:00 AM,NSB Auditorium,$400.83,,3/11/2024 12:31:12 PM
GRAPHITE_01,21938,Graphite,Week 10 event,06/04/2024 12:00 AM,NSB Auditorium,$383.97,,3/11/2024 12:41:21 PM
PREMEDICAL_APAMSA_AT_UC_SAN_DI_01,21939,Pre-Medical APAMSA at UC San Diego,Kaplan MCAT event,05/16/2024 12:00 AM,PC forum,$350.00,,4/2/2024 9:42:05 AM
UNDERGRADUATE_BIOINFORMATICS_C_01,21940,Undergraduate Bioinformatics Club (UBIC),Mentor-Mentee Good Research Practices Workshop,04/23/2024 12:00 AM,Zweifach Library,$44.43,,3/12/2024 6:07:19 PM
MEMO_AT_UC_SAN_DIEGO_01,21941,M.E.M.O. at UC San Diego,M.E.M.O. Movie Night,05/03/2024 12:00 AM,Price Center Theater,$350.00,,3/12/2024 9:10:06 PM
AHLULBAYT_STU_ASSOC_01,21942,Ahlul-Bayt Student Association,ABSA Giveaway,05/29/2024 12:00 AM,Price Center - Marshall College Room,$599.00,,3/12/2024 11:42:09 PM
CORNERSTONE_COMMUNITY_CONSULTA_01,21943,Cornerstone Community Consultants at UC San Diego,Cornerstone Networking Night,04/30/2024 12:00 AM,"Rady School of Management (The room reservation for Rady won't open until March 18th, we will update our room reservation as soon as it opens)",$573.75,,3/13/2024 2:42:14 PM
TURKISH_UNDERGRAD_ORG_01,21946,Turkish Undergrad Organization,TUO Week 3 Movie Night,04/17/2024 12:00 AM,Price Center Green Table Rm,$350.00,,3/13/2024 1:28:07 PM
WOMEN_IN_BUSINESS_01,21947,Women in Business,Spring Formal 2024,05/05/2024 12:00 AM,PC East Ballroom,"$2,000.00",,3/24/2024 12:18:20 AM
PILIPINO_UNDERGRADUATE_SOCIETY_01,21948,Pilipino Undergraduate Society for Health,PUSH Spring Quarter GBM 2,04/25/2024 12:00 AM,CCC Communidad,$97.76,,3/14/2024 10:35:01 PM
AHLULBAYT_STU_ASSOC_01,21949,Ahlul-Bayt Student Association,ABSA Dinner,04/30/2024 12:00 AM,Dolores Huerta - Philip Vera Cruz Room,$599.90,,3/15/2024 10:12:24 AM
MIXED_STU_UNION_01,21950,Mixed Student Union,Mixed Faith Edusession,04/24/2024 12:00 AM,Marshall College Room,$337.47,,3/15/2024 1:05:06 PM
TRITON_NEUROTECH_01,21951,Triton NeuroTech,Triton NeuroTech Lession Session 2,04/25/2024 12:00 AM,Henry Booker Conference Room,$38.39,,3/15/2024 6:05:23 PM
SOCIETY_OF_WOMEN_ENGINEERS_SWE_01,21952,Society of Women Engineers (SWE),BEEding Social,04/24/2024 12:00 AM,Qualcomm Room in Jacobs Hall,$62.09,,3/15/2024 6:25:35 PM
TAU_SIGMA_01,21953,Tau Sigma,Midterm Snack Revival,04/24/2024 12:00 AM,Price Center Green Table Room,$142.38,,3/15/2024 9:07:10 PM
ROCKET_PROPULSION_LABORATORY_01,21955,Rocket Propulsion Laboratory,RPL x AIAA x SEDS Networking Event,04/26/2024 12:00 AM,Jacobs Hall Qualcomm Conference Center,$594.00,,3/15/2024 10:00:10 PM
TRITON_QUANTITATIVE_TRADING_01,21956,Triton Quantitative Trading,Trading Strategies,05/01/2024 12:00 AM,CSE 1202,$593.84,,3/15/2024 10:14:28 PM
SAUDI_STUS_ASSOC_UC_SAN_DIEGO_01,21957,Saudi Students Association @ UC San Diego,Study Jam,04/24/2024 12:00 AM,Price Center Bear room,$97.69,,3/15/2024 10:28:33 PM
AMERICAN_INSTITUTE_OF_CHEMICAL_01,21958,American Institute of Chemical Engineers (AIChE),AIChE Spring Projects Social,05/15/2024 12:00 AM,SME 248,$129.95,,3/15/2024 10:53:49 PM
AMERICAN_INSTITUTE_OF_CHEMICAL_01,21959,American Institute of Chemical Engineers (AIChE),Spring GBM #2,05/16/2024 12:00 AM,SME 248,$155.33,,3/15/2024 11:10:02 PM
UNDERGRADUATE_WOMEN_IN_COMP_AT_01,21960,Undergraduate Women in Computing at UC San Diego,Leetcode Prep Workshop 2,04/23/2024 12:00 AM,ASML Room,$99.82,,3/15/2024 11:31:08 PM
UNDERGRADUATE_WOMEN_IN_COMP_AT_01,21962,Undergraduate Women in Computing at UC San Diego,First Year Study Jam,04/23/2024 12:00 AM,Qualcomm Conference Center (both rooms),$100.00,,3/15/2024 11:35:02 PM
UNDERGRADUATE_WOMEN_IN_COMP_AT_01,21963,Undergraduate Women in Computing at UC San Diego,Leetcode Prep Workshop 2,05/16/2024 12:00 AM,ASML Room,$100.00,,3/15/2024 11:38:27 PM
DEEJAYS_AND_VINYLPHILES_CLUB_01,21964,Deejays and Vinylphiles Club,DVC & Triton Auto Club Present: SPEEDTRAP - A Car Show,04/27/2024 12:00 AM,UCSD Lot P206 (By Faculty Club),"$1,998.00",,3/15/2024 11:39:23 PM
ASSOC_FOR_COMP_MACHINERY_ACM_01,21966,Association for Computing Machinery (ACM),Calvin Nguyen,04/29/2024 12:00 AM,Jacobs Room 2315,$598.01,,3/17/2024 9:51:44 AM
ASSOC_FOR_COMP_MACHINERY_ACM_01,21967,Association for Computing Machinery (ACM),Hack Placeholder Week 5,04/30/2024 12:00 AM,Qualcomm Room,$312.48,,3/17/2024 9:56:51 AM
ASSOC_FOR_COMP_MACHINERY_ACM_01,21968,Association for Computing Machinery (ACM),Placeholder Event (Likely Swarm Algorithms),05/02/2024 12:00 AM,Henry Booker Room,$349.97,,3/17/2024 10:02:06 AM
ASSOC_FOR_COMP_MACHINERY_ACM_01,21970,Association for Computing Machinery (ACM),How to succeed in your internship: ACM x TSE,05/03/2024 12:00 AM,CSE 1202,$599.95,,3/17/2024 10:10:10 AM
TIJUANA_YOUTH_MIGRANT_MENTOR_N_01,21971,Tijuana Youth Migrant Mentor Network (TYMMN),1st Gen Plática: Considering grad school?,05/13/2024 12:00 AM,Gildred Latin American Studies Building - Conference Room,$218.18,,3/17/2024 6:37:19 PM
ASSOC_FOR_COMP_MACHINERY_ACM_01,21972,Association for Computing Machinery (ACM),Event Placeholder,05/06/2024 12:00 AM,Henry Booker Room,$349.97,,3/19/2024 10:25:35 PM
ASSOC_FOR_COMP_MACHINERY_ACM_01,21973,Association for Computing Machinery (ACM),placeholder,05/08/2024 12:00 AM,SME ASML Room,$349.97,,3/19/2024 10:28:19 PM
ASSOC_FOR_COMP_MACHINERY_ACM_01,21974,Association for Computing Machinery (ACM),ACM Hack x DS3: MLInfra/MLOps,05/09/2024 12:00 AM,SME ASML Room,$349.97,,3/19/2024 10:30:35 PM
ASSOC_FOR_COMP_MACHINERY_ACM_01,21975,Association for Computing Machinery (ACM),Calvin Nguyen,05/13/2024 12:00 AM,Jacobs Room 2315,$312.48,,3/19/2024 10:33:57 PM
ASSOC_FOR_COMP_MACHINERY_ACM_01,21976,Association for Computing Machinery (ACM),ACM Hack x WIC Collab,05/14/2024 12:00 AM,Qualcomm Room,$349.97,,3/19/2024 10:35:57 PM
ASSOC_FOR_COMP_MACHINERY_ACM_01,21977,Association for Computing Machinery (ACM),ACM: Personal Finance,05/15/2024 12:00 AM,Qualcomm Room,$599.95,,3/19/2024 10:51:05 PM
ASSOC_FOR_COMP_MACHINERY_ACM_01,21978,Association for Computing Machinery (ACM),Painting Pots and Planting Plants,05/16/2024 12:00 AM,Henry Booker Room,$349.97,,3/19/2024 10:53:17 PM
ASSOC_FOR_COMP_MACHINERY_ACM_01,21979,Association for Computing Machinery (ACM),Portfolio Critique Café,05/31/2024 12:00 AM,SME ASML Room,$349.97,,3/19/2024 10:55:46 PM
ASSOC_FOR_COMP_MACHINERY_ACM_01,21980,Association for Computing Machinery (ACM),Smiski Study Jam,05/21/2024 12:00 AM,SME ASML Room,$349.97,,3/19/2024 10:57:30 PM
ASSOC_FOR_COMP_MACHINERY_ACM_01,21981,Association for Computing Machinery (ACM),Event Placeholder,05/20/2024 12:00 AM,Qualcomm Room,$349.97,,3/19/2024 11:00:01 PM
PAKISTANI_STU_ASSOC_01,21982,Pakistani Student Association,PSA Appetizer/Dessert Giveaway/Social,05/01/2024 12:00 AM,Red Shoe Room,$595.86,,3/19/2024 11:04:50 PM
YOUNG_PLANNERS_SOCIETY_01,21984,Young Planners Society,Arcadis Info Session,05/17/2024 12:00 AM,Ridge Walk Academic Complex 0104,$346.96,,3/20/2024 1:18:49 AM
UNDERGRADUATE_BIOINFORMATICS_C_01,21985,Undergraduate Bioinformatics Club (UBIC),Games with Grads,05/01/2024 12:00 AM,Price Center Bear Room,$391.13,,3/20/2024 11:17:55 PM
NANOENG_AND_TECHNOLOGY_SOCIETY_01,21986,NanoEngineering and Technology Society,NETS Game Night,05/01/2024 12:00 AM,SME 348,$344.27,,3/21/2024 12:45:21 AM
MUSLIM_STU_ASSOC_01,21987,Muslim Student Association,Justice in Palestine Week 2024 - GBM,05/02/2024 12:00 AM,Price Center Theater,"$1,681.86",,3/21/2024 7:10:19 AM
MUSLIM_STU_ASSOC_01,21988,Muslim Student Association,Justice in Palestine Week 2024 - Library Walk Day One,05/06/2024 12:00 AM,Library Walk,"$1,204.50",,3/29/2024 11:33:57 PM
MUSLIM_STU_ASSOC_01,21989,Muslim Student Association,Justice in Palestine Week 2024 - Library Walk Day Two,05/07/2024 12:00 AM,Library Walk,"$1,404.50",,3/29/2024 11:29:22 PM
MUSLIM_STU_ASSOC_01,21990,Muslim Student Association,Justice in Palestine Week 2024 - Library Walk Day Three,05/08/2024 12:00 AM,Library Walk,"$1,399.50",,3/29/2024 11:47:58 PM
MUSLIM_STU_ASSOC_01,21991,Muslim Student Association,Justice in Palestine Week 2024 - Library Walk Day Four,05/09/2024 12:00 AM,Library Walk,"$1,002.10",,3/29/2024 11:51:23 PM
MUSLIM_STU_ASSOC_01,21992,Muslim Student Association,Justice in Palestine Week 2024 - Night Event One,05/06/2024 12:00 AM,Price Center Ballroom AB,"$2,448.92",,3/29/2024 9:48:53 PM
SCRIPPS_EDUCATION_ASSOC_01,21993,Scripps Education Association,Alumni Career Panel,05/03/2024 12:00 AM,Vaughn 100,$66.95,,3/21/2024 12:14:45 PM
YOUNG_PLANNERS_SOCIETY_01,21994,Young Planners Society,Affordable Housing Speaking Event,05/11/2024 12:00 AM,Ridge Walk Academic Complex 0104 (USP Studio),$346.96,,3/21/2024 2:45:50 PM
PREPHARMACY_SOCIETY_UC_SAN_DIE_01,21995,Pre-Pharmacy Society @ UC San Diego,7-Year Program / PharmCAS Application GBM,05/08/2024 12:00 AM,Price Center Red Shoe Room,$118.53,,3/21/2024 10:39:18 PM
TRITON_NEUROTECH_01,21997,Triton NeuroTech,All Project Workday,05/04/2024 12:00 AM,Henry Booker Conference Room,$334.38,,3/22/2024 3:44:13 PM
ALPHA_EPSILON_DELTA_PREHEALTH__01,21998,Alpha Epsilon Delta Pre-Health Professional Honor Society,AED Spring 24 GBM 2,05/01/2024 12:00 AM,Price Center West - Theater,$579.84,,3/22/2024 3:58:30 PM
DEEJAYS_AND_VINYLPHILES_CLUB_01,22000,Deejays and Vinylphiles Club,DVC Presents: JELLYFISH JAM,05/03/2024 12:00 AM,The Stageroom,"$4,500.00",,3/22/2024 10:49:10 PM
SOCIETY_OF_HISPANIC_STUS_IN_LA_01,22001,Society of Hispanic Students in Law,SOHIL GBM Immigration Law Panel,05/02/2024 12:00 AM,Rrc room 104,$349.97,,3/22/2024 6:10:03 PM
BIOLOGICAL_SCIS_STU_ASSOC_01,22002,Biological Sciences Student Association,BSSA's Networking with Bingo,04/30/2024 12:00 AM,Price Center Bear Room,$64.13,,3/22/2024 9:51:53 PM
TRITON_QUANTITATIVE_TRADING_01,22003,Triton Quantitative Trading,Trading Strategies 2,05/08/2024 12:00 AM,CSE 1202,$593.84,,3/22/2024 10:20:03 PM
UNDERGRADUATE_MDPHD_SOCIETY_UM_01,22004,Undergraduate MD-PhD Society (UMPS) at UC San Diego,Getting into grad school,05/02/2024 12:00 AM,warren college room,$350.00,,3/22/2024 11:02:04 PM
HKN_01,22005,hkn,HKN Company Panel,05/03/2024 12:00 AM,Qualcomm Conference Room,$517.20,,3/22/2024 11:16:03 PM
BOARDGAMES_AND_BOBA_UC_SAN_DIE_01,22006,Boardgames and Boba @ UC San Diego,Board Games and Boba Game Night #3,05/06/2024 12:00 AM,Stage Room & Patio,$757.37,,3/22/2024 11:37:13 PM
SOCIETY_OF_ASIAN_SCIENTISTS_AN_01,22007,Society of Asian Scientists and Engineers at UC San Diego,SASE Mentor Mentee: Picnic Social,05/11/2024 12:00 AM,Sun God Lawn,$298.41,,3/26/2024 11:30:58 PM
BURSABURMESE_STUS_ASSOC_01,22008,BURSA(Burmese Students Association),GBM 2 (Spring 2024),05/15/2024 12:00 AM,Warren College Room,$350.00,,3/24/2024 10:38:24 PM
IKIGAI_DANCE_AND_COMPANY_01,22009,Ikigai Dance and Company,Ikigai Dance Company Spring Showcase 2024 Dress Rehearsal #3 -- open to all UCSD students,05/06/2024 12:00 AM,Price Center East Ballroom,$350.00,,3/26/2024 4:49:43 PM
IKIGAI_DANCE_AND_COMPANY_01,22010,Ikigai Dance and Company,Ikigai Dance Company Spring 2024 Showcase -- open to all UCSD students and public,05/10/2024 12:00 AM,Price Center East Ballroom,$487.50,,3/26/2024 5:05:28 PM
OVIPAROUS_01,22011,Oviparous,Oviparous Trivia Night,05/14/2024 12:00 AM,Stage Room,$227.49,,3/28/2024 3:29:35 PM
MUSLIM_STU_ASSOC_01,22014,Muslim Student Association,Justice in Palestine Week 2024 - Night Event Two,05/07/2024 12:00 AM,Multipurpose Room,"$1,668.36",,3/29/2024 11:15:52 PM
MUSLIM_STU_ASSOC_01,22015,Muslim Student Association,Justice in Palestine Week 2024 - Night Event Three,05/08/2024 12:00 AM,Multipurpose Room,"$1,968.36",,3/29/2024 9:46:29 PM
MUSLIM_STU_ASSOC_01,22016,Muslim Student Association,Justice in Palestine Week 2024 - Night Event Four,05/09/2024 12:00 AM,Price Center Ballroom AB,"$2,034.89",,3/29/2024 9:41:02 PM
MIXED_STU_UNION_01,22017,Mixed Student Union,Poetry Event,05/08/2024 12:00 AM,Cross Cultural Center-Art Space,$297.23,,3/29/2024 5:25:01 PM
TRITON_NEUROTECH_01,22020,Triton NeuroTech,Blitz Talk,05/08/2024 12:00 AM,Henry Booker Conference Room,$223.32,,3/29/2024 8:56:07 PM
TRITON_QUANTITATIVE_TRADING_01,22022,Triton Quantitative Trading,Accessing and Reading Real Time Stocks Data,05/15/2024 12:00 AM,CSE 1202,$593.84,,3/29/2024 11:09:54 PM
SIGMA_ETA_PI_01,22024,Sigma Eta Pi,Week 6 GBM,05/08/2024 12:00 AM,Design and innovation building; basement,$348.00,,3/29/2024 11:47:27 PM
CARE2SHARE_AT_UC_SAN_DIEGO_01,22027,Care2Share at UC San Diego,Care2Share GBM 2,05/14/2024 12:00 AM,Price Center Red Shoe Room,$334.42,,4/1/2024 5:19:22 PM
UNDERGRADUATE_WOMEN_IN_COMP_AT_01,22028,Undergraduate Women in Computing at UC San Diego,Spring GBM #3,05/29/2024 12:00 AM,Qualcomm Room,$566.75,,4/1/2024 12:27:26 PM
UNDERGRADUATE_WOMEN_IN_COMP_AT_01,22030,Undergraduate Women in Computing at UC San Diego,Finals Prep and Pamper: DIY Care Packages and Study Jam,06/03/2024 12:00 AM,Qualcomm Room,$175.68,,4/1/2024 12:55:12 PM
SPORTS_MEDICINE_ASSOC_AT_UC_SA_01,22032,Sports Medicine Association at UC San Diego,Megan Ngo,06/03/2024 12:00 AM,Student Services Center- Conference Room 400,$81.89,,4/1/2024 9:10:41 PM
TRITON_NEUROTECH_01,22033,Triton NeuroTech,Triton NeuroTech Lesson Session 3,05/22/2024 12:00 AM,Henry Booker Conference Room,$38.39,,4/2/2024 1:03:39 PM
PROJECT_IN_A_BOX_01,22034,Project in a Box,PiB Project Committee Week 7,05/15/2024 12:00 AM,EnVision,$349.11,,4/2/2024 3:19:26 PM
PROJECT_IN_A_BOX_01,22035,Project in a Box,PiB Project Committee Week 8,05/22/2024 12:00 AM,EnVision,$349.11,,4/2/2024 3:21:04 PM
PROJECT_IN_A_BOX_01,22036,Project in a Box,PiB Week 9 Project Showcase,05/31/2024 12:00 AM,EnVision,$498.34,,4/2/2024 3:25:59 PM
AMERICAN_CHEMICAL_SOCIETY_STU__01,22038,American Chemical Society Student Affiliates (ACSSA),ACSSA Symposium,05/16/2024 12:00 AM,Price Center Ballroom East,$599.99,,4/2/2024 8:34:11 PM
TRITON_FLEX_01,22039,Triton Flex,Triton Flex Banquent,05/18/2024 12:00 AM,Dolores Huerta Room (217193),$290.95,,4/2/2024 10:53:23 PM
STUS_AGAINST_MASS_INCARCERATIO_01,22040,Students Against Mass Incarceration,BDAAS SAMI Event,05/16/2024 12:00 AM,Forum,$600.00,,4/3/2024 12:53:09 AM
STUS_FOR_GLOBAL_HEALTH_01,22042,Students for Global Health,Horizons of Global Health Research Symposium,05/15/2024 12:00 AM,The Great Hall,"$2,000.00",,4/3/2024 9:09:08 PM
KAPPA_KAPPA_GAMMA_01,22043,Kappa Kappa Gamma,Kappa Kapture the Flag,05/19/2024 12:00 AM,Sungod Lawn,"$2,120.23",,4/3/2024 10:00:43 PM
INSTITUTE_OF_ELECTRICAL_AND_EL_02,22044,Institute of Electrical and Electronics Engineers (IEEE),RoboCup All Hands meeting 5/12,05/12/2024 12:00 AM,ECE Multipurpose Room,$328.64,,4/4/2024 1:32:26 PM
INSTITUTE_OF_ELECTRICAL_AND_EL_02,22045,Institute of Electrical and Electronics Engineers (IEEE),RoboCup All Hands meeting 5/19,05/19/2024 12:00 AM,ECE Multipurpose Room,$328.64,,4/4/2024 1:33:58 PM
INSTITUTE_OF_ELECTRICAL_AND_EL_02,22046,Institute of Electrical and Electronics Engineers (IEEE),RoboCup All Hands meeting 6/2,06/02/2024 12:00 AM,ECE Multipurpose Room,$328.64,,4/4/2024 1:36:22 PM
MALAYSIAN_STU_ASSOC_01,22048,Malaysian Student Association,MYSA Spring Social,05/14/2024 12:00 AM,Dolores Huerta - Vera Cruz Room,$343.45,,4/5/2024 3:35:49 PM
SOCIETY_OF_WOMEN_ENGINEERS_SWE_01,22049,Society of Women Engineers (SWE),SWE Spring GBM #3,05/21/2024 12:00 AM,Qualcomm Room in Jacobs Hall,$516.93,,4/4/2024 2:39:16 PM
FLYING_SAMS_AT_UC_SAN_DIEGO_01,22050,Flying Sams at UC San Diego,Richard Y Gao,05/24/2024 12:00 AM,Price Center - Ballroom | West B,$600.80,,4/4/2024 6:08:21 PM
ALPHA_EPSILON_DELTA_PREHEALTH__01,22054,Alpha Epsilon Delta Pre-Health Professional Honor Society,AED Spring 24 Symposium,05/15/2024 12:00 AM,Student Center - Stage Room and Patio,$600.00,,4/5/2024 5:13:00 PM
MULTIIDENTITY_ART_COLLECTIVE_01,22055,Multi-Identity Art Collective,Art Coffee Hangout,05/15/2024 12:00 AM,LGBTQ center,$92.37,,4/5/2024 11:31:54 AM
TRITON_SOFTWARE_ENG_01,22056,Triton Software Engineering,TSE SP24 All Hands 2,05/23/2024 12:00 AM,Price Center - Bear Room,$429.69,,4/5/2024 11:48:36 AM
SOCIETY_OF_HISPANIC_STUS_IN_LA_01,22058,Society of Hispanic Students in Law,SOHIL GBM AND STUDY JAM,05/16/2024 12:00 AM,Raza Centro Space PPCH #104,$338.07,,4/5/2024 12:41:13 PM
LOTUS_PROJECT_THE_01,22059,"Lotus Project, The",The Lotus Project GBM,05/13/2024 12:00 AM,Bear Room,$100.00,,4/5/2024 12:42:42 PM
ASSOC_FOR_COMP_MACHINERY_ACM_01,22060,Association for Computing Machinery (ACM),Secure Programming Languages,05/17/2024 12:00 AM,ASML Room,$350.00,,4/5/2024 1:27:01 PM
ASSOC_FOR_COMP_MACHINERY_ACM_01,22061,Association for Computing Machinery (ACM),ACM Workshop #3,05/21/2024 12:00 AM,ASML Room,$599.95,,4/5/2024 1:29:13 PM
ASSOC_FOR_COMP_MACHINERY_ACM_01,22062,Association for Computing Machinery (ACM),Essence of Backend Engineering Placeholder,05/23/2024 12:00 AM,Henry Booker Room,$349.97,,4/5/2024 1:32:11 PM
ASSOC_FOR_COMP_MACHINERY_ACM_01,22063,Association for Computing Machinery (ACM),design project placeholder,05/24/2024 12:00 AM,Qualcomm Room,$349.97,,4/5/2024 1:33:57 PM
ASSOC_FOR_COMP_MACHINERY_ACM_01,22064,Association for Computing Machinery (ACM),Spring Project Showcase,06/05/2024 12:00 AM,Qualcomm Room,$599.95,,4/5/2024 1:36:20 PM
TAU_SIGMA_01,22065,Tau Sigma,TAu Sigma Takes the Cheese,05/17/2024 12:00 AM,library walk west lawn,$596.31,,4/5/2024 2:11:27 PM
MIXED_STU_UNION_01,22067,Mixed Student Union,IdentiTEA,05/22/2024 12:00 AM,Cross Cultural Center-Art Space,$233.03,,4/5/2024 3:09:18 PM
PILIPINO_UNDERGRADUATE_SOCIETY_01,22068,Pilipino Undergraduate Society for Health,PUSH x HSI - Skincare Anatomy and Dermatology GBM,05/16/2024 12:00 AM,Price Center - Governance Chambers,$305.00,,4/5/2024 8:33:57 PM
MIXED_STU_UNION_01,22069,Mixed Student Union,Mixed Student Empowerment Summit,05/18/2024 12:00 AM,Cross Cultural Center,$497.17,,4/5/2024 3:58:39 PM
UNDERGRADUATE_BIOINFORMATICS_C_01,22070,Undergraduate Bioinformatics Club (UBIC),Chalk Talk: Professor Einav,05/13/2024 12:00 AM,Zweifach Library,$71.05,,4/5/2024 4:55:26 PM
BIOMEDICAL_ENG_SOCIETY_BMES_01,22071,Biomedical Engineering Society (BMES),BMES Spring GBM #2,05/13/2024 12:00 AM,Price Center Red Shoe Room,$595.00,,4/5/2024 9:05:12 PM
TRITONS_FOR_ISRAEL_01,22073,Tritons For Israel,Jewish Night Market,05/16/2024 12:00 AM,Library Walk,"$16,435.87",,4/5/2024 10:56:57 PM
ALTER_EGO_DANCE_01,22074,Alter Ego Dance,Alter Ego Banquet,06/06/2024 12:00 AM,Price Center - Marshall College Room,$100.00,,4/5/2024 8:04:10 PM
NONTRADITIONAL_STUS_ASSOC_THE_01,22075,"Non-Traditional Students Association, The",Spring GBM #4,05/17/2024 12:00 AM,UCSD - Price Center Green Table Room,$345.88,,4/5/2024 8:08:29 PM
TRITONS_FOR_ISRAEL_01,22076,Tritons For Israel,Peace in Israel Week Monday Tabling,05/13/2024 12:00 AM,Library Walk,"$1,562.90",,4/5/2024 8:16:27 PM
TRITONS_FOR_ISRAEL_01,22078,Tritons For Israel,Hodaya Knafo,05/14/2024 12:00 AM,Library Walk,"$1,160.07",,4/5/2024 8:30:01 PM
TRITONS_FOR_ISRAEL_01,22079,Tritons For Israel,Peace in Israel Week Wednesday Tabling,05/15/2024 12:00 AM,Library Walk,"$1,562.90",,4/5/2024 8:39:54 PM
AMERICAN_INSTITUTE_OF_CHEMICAL_01,22080,American Institute of Chemical Engineers (AIChE),Spring Study Jams,06/06/2024 12:00 AM,SME 248,$255.00,,4/5/2024 9:39:57 PM
INSTITUTE_OF_ELECTRICAL_AND_EL_02,22081,Institute of Electrical and Electronics Engineers (IEEE),IEEE Book club meeting,05/13/2024 12:00 AM,Henry Booker Room,$99.99,,4/5/2024 10:10:49 PM
ENGINEERS_WITHOUT_BORDERS_AT_U_01,22082,Engineers Without Borders at UC San Diego,EOY Showcase,05/29/2024 12:00 AM,Student Center - Stage Room & Patio,$0.00,,4/5/2024 10:28:12 PM
TRITONS_FOR_ISRAEL_01,22083,Tritons For Israel,Peace in Israel Week Thursday Tabling,05/16/2024 12:00 AM,Library Walk,"$1,160.07",,4/5/2024 10:16:19 PM
ENVISIONARIES_UC_SAN_DIEGO_01,22084,Envisionaries @ UC San Diego,Visionarieees Workathon #3,05/22/2024 12:00 AM,SME 302,$350.00,,4/11/2024 2:18:11 PM
INSTITUTE_OF_ELECTRICAL_AND_EL_02,22085,Institute of Electrical and Electronics Engineers (IEEE),Get to know more about - Center For Energy Research,05/17/2024 12:00 AM,Henry Booker Room,$350.00,,4/5/2024 10:31:43 PM
TRITONS_FOR_ISRAEL_01,22087,Tritons For Israel,Yoseph Haddad,05/14/2024 12:00 AM,Price Center Theater,"$2,722.25",,4/5/2024 10:38:28 PM
TRITONS_FOR_ISRAEL_01,22088,Tritons For Israel,Monday Night Speaker Event,05/13/2024 12:00 AM,Price Center Theater,"$2,722.25",,4/5/2024 10:46:40 PM
TRITONS_FOR_ISRAEL_01,22089,Tritons For Israel,Wednesday Night Peace in Israel Speaker,05/15/2024 12:00 AM,Price Center Theater,"$2,722.25",,4/5/2024 10:54:43 PM
ENGINEERS_WITHOUT_BORDERS_AT_U_01,22090,Engineers Without Borders at UC San Diego,EOY Showcase,05/29/2024 12:00 AM,Student Center - Stage Room & Patio,$600.00,,4/5/2024 11:02:49 PM
SIGMA_ETA_PI_01,22091,Sigma Eta Pi,Week 7 GBM,05/15/2024 12:00 AM,design and innovation building,$323.25,,4/5/2024 11:29:06 PM
TEDXUCSANDIEGO_01,22092,TEDx@UCSanDiego,TEDxUCSanDiego Main Conference: Expiration Date,05/18/2024 12:00 AM,Price Center Theater,"$3,500.00",,4/5/2024 11:52:32 PM
AMERICAN_INSTITUTE_OF_CHEMICAL_01,22094,American Institute of Chemical Engineers (AIChE),Spring Alumni Brunch,06/01/2024 12:00 AM,SME 248,$96.13,,4/5/2024 11:58:49 PM
NIGERIAN_STU_ASSOC_AT_UC_SAN_D_01,22096,Nigerian Student Association at UC San Diego,2nd Annual Culture Show,05/19/2024 12:00 AM,Multipurpose Room,"$2,000.00",,4/6/2024 3:02:00 AM
PROJECT_RISHI_01,22097,Project RISHI,Project RISHI Annual Banquet,05/26/2024 12:00 AM,Price Center Forum Room,$600.00,,4/6/2024 9:12:48 AM
UNDERGRADUATE_LAW_REVIEW_AT_UC_01,22098,Undergraduate Law Review at UC San Diego,Legal Research Conference,05/30/2024 12:00 AM,Dolores Huerta Room,$578.78,,4/6/2024 5:00:09 PM
PANHELLENIC_ASSOC_01,22099,Panhellenic Association,CPA Scholarship Banquet,05/29/2024 12:00 AM,East Ballroom in Price Center,$600.00,,4/7/2024 2:06:39 PM
PREPHARMACY_SOCIETY_UC_SAN_DIE_01,22100,Pre-Pharmacy Society @ UC San Diego,End of Year Banquet 2023-2024,05/31/2024 12:00 AM,Price Center Warren Room,$569.89,,4/17/2024 4:34:33 PM
SOCIETY_OF_ASIAN_SCIENTISTS_AN_01,22101,Society of Asian Scientists and Engineers at UC San Diego,SASE End of the Year Banquet,05/19/2024 12:00 AM,Qualcomm Conference Center,$593.70,,4/7/2024 4:43:51 PM
KOTX_01,22102,KOTX,KOTX Banquet,05/25/2024 12:00 AM,The LOFT at UCSD,$600.00,,4/11/2024 8:09:25 PM
MEMO_AT_UC_SAN_DIEGO_01,22106,M.E.M.O. at UC San Diego,MEMO EOY Banquet '24,05/28/2024 12:00 AM,Multi Purpose Room (Student Services Center),$210.00,,4/8/2024 12:05:26 AM
INSIGHT_PREOPTOMETRY_01,22108,Insight Pre-Optometry,Alexa A Nares,05/23/2024 12:00 AM,Price Center Green Table Room,$82.00,,4/8/2024 12:45:59 AM
PROJECT_IN_A_BOX_01,22109,Project in a Box,PiB Week 9 Project Showcase (UPDATED),05/31/2024 12:00 AM,EnVision,$600.00,,4/8/2024 1:16:10 PM
PROJECT_IN_A_BOX_01,22110,Project in a Box,PiB Social Week 8 (UPDATED),05/22/2024 12:00 AM,EnVision,$498.34,,4/8/2024 1:22:16 PM
TRITON_GAMING_01,22111,Triton Gaming,Triton Gaming Expo 2024: Day 1,06/01/2024 12:00 AM,"West Ballroom, East Ballroom, Price Center Theater, Price Center Plaza, College Rooms, Red Shoe Room, Bear Room, Forum","$9,757.23",,4/12/2024 8:49:16 PM
BIOLOGICAL_SCIS_STU_ASSOC_01,22113,Biological Sciences Student Association,End of the Year Banquet,05/22/2024 12:00 AM,Bear Room,$350.00,,4/9/2024 10:58:55 PM
AEQUORA_BALLET_COMPANY_01,22116,Aequora Ballet Company,Masterclass with Martha Leebolt,05/25/2024 12:00 AM,Wagner Dance Building Room 3,$160.00,,4/10/2024 3:23:40 PM
KAIBIGANG_PILIPINO_KP_AT_UC_SA_01,22117,Kaibigang Pilipino (KP) at UC San Diego,Pilipino Cultural Celebration,05/24/2024 12:00 AM,Mandeville Auditorium,"$4,500.00",,4/10/2024 3:48:48 PM
TRITON_GAMING_01,22118,Triton Gaming,Triton Gaming Expo 2024: Day 2,06/02/2024 12:00 AM,"West Ballroom, East Ballroom, Price Center Theater, Price Center Plaza, College Rooms, Red Shoe Room, Bear Room, Forum","$9,200.00",,4/12/2024 8:50:06 PM
MIXED_STU_UNION_01,22119,Mixed Student Union,Music Event,05/29/2024 12:00 AM,Cross-Cultural Center - Art Space,$234.20,,4/19/2024 6:39:34 PM
ACAMAZING_01,22122,Acamazing,Acamazing Spring Quarter Concert,05/22/2024 12:00 AM,Student Services Center- Multipurpose Room,$477.50,,4/11/2024 4:14:49 PM
NANOENG_AND_TECHNOLOGY_SOCIETY_01,22124,NanoEngineering and Technology Society,NETS Coffee Talk,05/21/2024 12:00 AM,SME 448,$82.03,,4/11/2024 5:49:17 PM
TRITONTHENIX_01,22126,TritonThenix,Three Tritons,05/25/2024 12:00 AM,Mui Bar Park,"$1,987.73",,4/11/2024 6:35:33 PM
TRITON_SOFTWARE_ENG_01,22127,Triton Software Engineering,TSE Regex Workshop,05/29/2024 12:00 AM,PC Red Shoe Room,$301.70,,4/11/2024 10:23:19 PM
INDIAN_STU_ASSOC_01,22129,Indian Student Association,ISA Movie Night,05/20/2024 12:00 AM,Price Center Theatre,$600.00,,4/12/2024 5:46:05 PM
AMERICAN_INSTITUTE_OF_CHEMICAL_01,22130,American Institute of Chemical Engineers (AIChE),FamilE Banquet,05/28/2024 12:00 AM,SME 248,$157.26,,4/12/2024 5:51:08 PM
ETA_KAPPA_NU_HKN_01,22132,Eta Kappa Nu (HKN),HKN Gradient Descent Workshop,05/24/2024 12:00 AM,Henry Booker Room,$213.22,,4/12/2024 7:59:32 PM
TURKISH_UNDERGRAD_ORG_01,22133,Turkish Undergrad Organization,Week 8 GBM,05/22/2024 12:00 AM,Price Center Marshall Room,$328.78,,4/12/2024 8:24:09 PM
POSEIDONS_CLOSET_01,22134,Poseidon's Closet,End-Of-Year Gala,05/25/2024 12:00 AM,The Forum in Price Center,$496.84,,4/12/2024 10:00:34 PM
INSTITUTE_OF_ELECTRICAL_AND_EL_02,22135,Institute of Electrical and Electronics Engineers (IEEE),Study Jam,05/21/2024 12:00 AM,Henry Booker Conference Suite (EBU1-2512),$349.97,,4/12/2024 10:02:20 PM
INSTITUTE_OF_ELECTRICAL_AND_EL_02,22136,Institute of Electrical and Electronics Engineers (IEEE),Intern Panel,05/24/2024 12:00 AM,EBU1-2315,$95.12,,4/12/2024 10:07:38 PM
SOCIETY_OF_HISPANIC_STUS_IN_LA_01,22138,Society of Hispanic Students in Law,Minority Law Association Collab,05/23/2024 12:00 AM,Raza Centro Space PPCH #104,$338.07,,4/12/2024 10:37:10 PM
ENGINEERS_WITHOUT_BORDERS_AT_U_01,22139,Engineers Without Borders at UC San Diego,EOY Showcase,05/29/2024 12:00 AM,Stage Room & Patio,$600.00,,4/12/2024 10:54:12 PM
PILIPINO_UNDERGRADUATE_SOCIETY_01,22140,Pilipino Undergraduate Society for Health,PUSH Banquet 2024,05/25/2024 12:00 AM,Student Center - Huerta Vera Cruz,$349.00,,4/12/2024 11:25:52 PM
MUSLIM_STU_ASSOC_01,22141,Muslim Student Association,Academic and Professional Development Committee Event,05/21/2024 12:00 AM,Multipurpose Room,"$1,625.92",,4/12/2024 11:55:39 PM
PARANORMAL_SOCIETY_01,22142,Paranormal Society,Goth Ball,05/26/2024 12:00 AM,Stage Room,$445.00,,4/13/2024 9:32:46 PM
MULTIIDENTITY_ART_COLLECTIVE_01,22144,Multi-Identity Art Collective,End of Quarter Zine Showcase,06/06/2024 12:00 AM,LGBTQ center,$349.97,,4/14/2024 1:25:51 PM
PANDORA_FORUM_AT_UC_SAN_DIEGO_01,22145,Pandora Forum at UC San Diego,Fors Fortuna,06/05/2024 12:00 AM,Sun God Lawn,$270.84,,4/15/2024 2:05:22 PM
NUEVA_HERENCIA_DE_UC_SAN_DIEGO_01,22146,Nueva Herencia de UC San Diego,Nueva Herencia Last GBM,06/04/2024 12:00 AM,Stage Room & Patio,"$1,969.90",,4/15/2024 4:07:44 PM
